"Time (s)"	"Sound pressure level (dB)"
0.000000000E0	NaN
4.604197083E-1	NaN
5.837948750E-1	-5.070345315E1
6.947436250E-1	-4.752794593E1
8.000189166E-1	-4.671204302E1
9.048070000E-1	-4.775731759E1
1.015488375E0	-4.538321038E1
1.124777417E0	-4.598606454E1
1.228844250E0	-4.761476863E1
1.344691125E0	-4.651246648E1
1.453994500E0	-4.782055127E1
1.556561250E0	-4.912708227E1
1.671195333E0	-4.810746770E1
1.773533250E0	-4.698714087E1
1.894800208E0	-4.553933511E1
2.000926917E0	-4.393500998E1
2.113073708E0	-4.309062726E1
2.222690417E0	-4.207458160E1
2.334025458E0	-4.206836503E1
2.438433000E0	-4.140288378E1
2.545073583E0	-4.067193991E1
2.657901542E0	-4.136296768E1
2.767050417E0	-4.241184609E1
2.876845000E0	-4.157484665E1
2.987567250E0	-4.268230418E1
3.094869625E0	-4.290491906E1
3.207364250E0	-4.300492248E1
3.317216542E0	-4.387016502E1
3.429076917E0	-4.384635489E1
3.537403042E0	-4.335632715E1
3.646587583E0	-4.350630227E1
3.754069625E0	-4.384376240E1
3.863180542E0	-4.218589311E1
3.971188833E0	-4.245211629E1
4.074373458E0	-4.344879454E1
4.185049083E0	-4.218652755E1
4.306503708E0	-4.225114795E1
4.417152833E0	-4.258537505E1
4.526068042E0	-4.335425111E1
4.641325708E0	-4.362451760E1
4.750420417E0	-4.307122062E1
4.858168042E0	-4.263934294E1
4.967184000E0	-4.380711703E1
5.076136458E0	-4.292441192E1
5.187519792E0	-4.344955729E1
5.297074875E0	-4.310858937E1
5.406942542E0	-4.362368941E1
5.522862083E0	-4.409088406E1
5.625613042E0	-4.422293385E1
5.738490458E0	-4.559847128E1
5.854312667E0	-4.418984054E1
5.966699042E0	-4.372054168E1
6.070858792E0	-4.166796539E1
6.182881708E0	-4.297976825E1
6.287506583E0	-4.306981563E1
6.397786375E0	-4.460748115E1
6.505545125E0	-4.537807949E1
6.617195250E0	-4.196768346E1
6.724705792E0	-3.994328656E1
6.835810042E0	-4.004095799E1
6.945244292E0	-4.117684493E1
7.054059667E0	-3.956291563E1
7.165313917E0	-4.049083881E1
7.270806917E0	-4.180757020E1
7.381586917E0	-4.122692280E1
7.487473958E0	-4.227279595E1
7.598952958E0	-4.226786803E1
7.704195542E0	-4.187516935E1
7.812820333E0	-4.215926593E1
7.920984750E0	-4.234482286E1
8.028924583E0	-4.172843414E1
8.137675375E0	-4.042647044E1
8.246798000E0	-4.103109180E1
8.354397042E0	-4.183933543E1
8.463582958E0	-4.274919867E1
8.571702000E0	-4.275221645E1
8.683120750E0	-4.380583186E1
8.794851833E0	-4.321174541E1
8.916351917E0	-4.100004269E1
9.027250833E0	-4.067199593E1
9.129827792E0	-4.204253760E1
9.239731125E0	-4.299710778E1
9.352628917E0	-4.188867395E1
9.475578458E0	-4.887927964E1
9.587335208E0	-4.564074658E1
9.697381792E0	-4.357776616E1
9.805228833E0	-4.648040492E1
9.913616208E0	-4.296257065E1
1.002299575E1	-4.106357559E1
1.012665017E1	-4.276460364E1
1.024727458E1	-4.165891214E1
1.035554283E1	-4.231446194E1
1.046492058E1	-4.312506153E1
1.057252800E1	-4.305301123E1
1.067585888E1	-4.305701189E1
1.079596654E1	-4.318463139E1
1.090767858E1	-4.345086297E1
1.101752183E1	-4.236759400E1
1.112604333E1	-4.371515401E1
1.123459308E1	-4.601153332E1
1.134756075E1	-4.382785832E1
1.145516925E1	-4.348217152E1
1.156389383E1	-4.564401439E1
1.167511008E1	-4.364279647E1
1.178451458E1	-4.583654791E1
1.189430133E1	-4.423881399E1
1.200102271E1	-4.627388345E1
1.211122704E1	-4.519438687E1
1.222258162E1	-4.447307544E1
1.233441087E1	-4.440847331E1
1.244475371E1	-4.476108108E1
1.255152467E1	NaN
1.266328650E1	-4.350312177E1
1.277423658E1	-4.417561017E1
1.288495587E1	-4.377969724E1
1.299620354E1	-4.520126221E1
1.310629525E1	-4.464744420E1
1.321771017E1	-4.495600461E1
1.332274233E1	-4.474227759E1
1.343182179E1	-4.412608798E1
1.354017571E1	-4.382481725E1
1.365115371E1	-4.172300543E1
1.375468721E1	-4.135614364E1
1.386419367E1	-4.512794444E1
1.397241204E1	-4.439867701E1
1.407500842E1	-4.194951185E1
1.418549717E1	-4.339154680E1
1.430524404E1	-4.128598782E1
1.441417417E1	-4.204538967E1
1.452859783E1	-4.242125383E1
1.463545575E1	-4.341008919E1
1.474548746E1	-4.505536227E1
1.485271588E1	-4.444817022E1
1.496423871E1	-4.482769856E1
1.507475038E1	-4.329099924E1
1.518464808E1	-4.515666274E1
1.529484825E1	-4.594487672E1
1.540312512E1	-4.445495105E1
1.551411067E1	-4.219740285E1
1.562335158E1	-4.497043279E1
1.573499008E1	-4.362575933E1
1.584563788E1	-4.585410891E1
1.595272054E1	-4.625608185E1
1.606429912E1	-4.771294493E1
1.617875463E1	-4.654906874E1
1.628514921E1	-4.549242817E1
1.639825096E1	-4.650611083E1
1.650764217E1	-4.725360064E1
1.661800429E1	-4.533298738E1
1.672489283E1	-4.876050879E1
1.682815717E1	-4.962109926E1
1.693961325E1	-4.599877139E1
1.705710800E1	-4.734018796E1
1.716802404E1	-4.619030578E1
1.727775858E1	-4.580838767E1
1.738966004E1	-4.684425656E1
1.749314796E1	-4.632051606E1
1.761427617E1	-4.715526226E1
1.772602375E1	-4.656795721E1
1.783700846E1	-4.695585203E1
1.794785821E1	-4.732472487E1
1.805661229E1	-4.777246163E1
1.816464825E1	-4.620718998E1
1.826728762E1	-4.750862530E1
1.837890583E1	-4.723143662E1
1.849917917E1	-4.399816026E1
1.860538583E1	-4.599865181E1
1.871574729E1	-4.649867596E1
1.882526146E1	-4.632826629E1
1.893493483E1	-4.679038221E1
1.904476983E1	-4.611745913E1
1.915461067E1	-4.709465210E1
1.926430542E1	-4.656975813E1
1.937593383E1	-4.696570986E1
1.948498492E1	-4.694600523E1
1.959477296E1	-4.834402140E1
1.970149204E1	-4.714461518E1
1.981227588E1	-4.732386152E1
1.992389350E1	-4.349601979E1
2.003488454E1	-4.347126194E1
2.014636004E1	-4.311465225E1
2.025221054E1	NaN
2.035650092E1	-4.262991515E1
2.046536921E1	-4.295021519E1
2.056863000E1	-4.349678861E1
2.067841287E1	-4.514566484E1
2.079184625E1	-4.598698880E1
2.090157796E1	-4.211902960E1
2.100668354E1	-4.312252834E1
2.111837971E1	-4.290151028E1
2.122405946E1	-4.520146180E1
2.133498371E1	-4.358801968E1
2.144675658E1	-4.679645918E1
2.156708987E1	-4.344001425E1
2.167832183E1	-4.142204808E1
2.178704513E1	-4.236859173E1
2.188986979E1	-4.649023446E1
2.200777975E1	-4.470463572E1
2.211851054E1	-4.223871336E1
2.222832554E1	-4.236544325E1
2.233543308E1	-4.451428990E1
2.243940521E1	-4.385174182E1
2.255696258E1	-4.202430331E1
2.266723208E1	-4.332366926E1
2.277962800E1	-4.265830401E1
2.288510792E1	-4.198535017E1
2.300279783E1	-4.180156817E1
2.312369138E1	-4.356046638E1
2.323535896E1	-4.327771702E1
2.334489229E1	-4.288988888E1
2.345280108E1	-4.450805438E1
2.356448342E1	-4.409671997E1
2.366857633E1	-4.411007026E1
2.377177096E1	-4.274211637E1
2.388128729E1	-4.353156221E1
2.398675454E1	-4.412505364E1
2.408954333E1	-4.515472155E1
2.419848771E1	-4.224502017E1
2.432093992E1	-4.348933271E1
2.443296683E1	-4.434992791E1
2.453767692E1	-4.201180874E1
2.464642008E1	-4.599336183E1
2.475513046E1	-4.421966514E1
2.486796758E1	-4.517708446E1
2.498143879E1	-4.439692426E1
2.508538325E1	-4.415566402E1
2.519758117E1	-4.419416821E1
2.530197521E1	-4.450680474E1
2.541174829E1	-4.375138100E1
2.551855300E1	-4.464772921E1
2.562478367E1	-4.368163520E1
2.572758850E1	-4.356461635E1
2.584802279E1	-4.337879705E1
2.595449517E1	-4.532512732E1
2.606478608E1	-4.875265764E1
2.617268946E1	-5.019397258E1
2.628151421E1	-4.888183503E1
2.639012279E1	-4.904818744E1
2.650177208E1	-4.808536183E1
2.661486917E1	-4.849091315E1
2.672407083E1	-4.766852867E1
2.682802588E1	-4.689550084E1
2.694620129E1	-4.425597093E1
2.705546179E1	-4.517505111E1
2.716479342E1	-4.631544511E1
2.727664233E1	-4.370506952E1
2.738753813E1	-4.308235146E1
2.749476900E1	-4.369986826E1
2.759785492E1	-4.365201834E1
2.771927071E1	-4.347728866E1
2.782999083E1	-4.486716287E1
2.794040975E1	-4.300106509E1
2.805118783E1	-4.299549506E1
2.816274362E1	-4.308641479E1
2.827667896E1	-4.474304084E1
2.838565046E1	-4.283987002E1
2.849628442E1	-4.174927382E1
2.860224637E1	-4.158221928E1
2.871253412E1	-4.472911434E1
2.881889150E1	-4.565523391E1
2.892784338E1	-4.629620292E1
2.903547212E1	-4.614845433E1
2.914931000E1	-4.603267152E1
2.926162708E1	-4.534001288E1
2.936893488E1	-4.431248696E1
2.947478271E1	-4.509364206E1
2.958550937E1	-4.403524698E1
2.969485754E1	-4.403696299E1
2.980489650E1	-4.606032964E1
2.991824338E1	-4.514856993E1
3.003193796E1	-4.537836145E1
3.013581642E1	-4.442081239E1
3.024786621E1	-4.492927668E1
3.035232337E1	-4.777472803E1
3.046413000E1	-4.603761820E1
3.056907950E1	-4.551720641E1
3.067488887E1	-4.437963722E1
3.078577758E1	-4.415148738E1
3.089199792E1	-4.549520058E1
3.100240346E1	-4.524180420E1
3.112571238E1	-4.676794439E1
3.123579554E1	-4.997663746E1
3.134863708E1	-4.734741935E1
3.145290038E1	NaN
3.156184000E1	-4.415574971E1
3.166901467E1	-4.478427697E1
3.177956308E1	-4.400725585E1
3.188628883E1	-4.558817845E1
3.198942429E1	-4.228444866E1
3.210366212E1	-4.358818045E1
3.220695329E1	-4.265062577E1
3.232730283E1	-4.462482527E1
3.244094496E1	-4.400011559E1
3.255232025E1	-4.494921937E1
3.266219446E1	-4.481815001E1
3.276909121E1	-4.483288191E1
3.288115033E1	-4.306241352E1
3.298560279E1	-4.494620281E1
3.309478308E1	-4.480915813E1
3.320342637E1	-4.679870808E1
3.331046962E1	-4.562358472E1
3.341903000E1	-4.825276567E1
3.353102337E1	-4.760733906E1
3.363790967E1	-4.829489774E1
3.374645167E1	-4.770367701E1
3.385267233E1	-4.784230930E1
3.396388783E1	-4.721258239E1
3.407101092E1	-4.906128945E1
3.417501254E1	-4.846140489E1
3.429567867E1	-4.712637815E1
3.440376912E1	-4.818529361E1
3.451485796E1	-4.463495400E1
3.462687892E1	-4.339985218E1
3.473728462E1	-4.269833440E1
3.484861983E1	-4.258049727E1
3.495769521E1	-4.258323453E1
3.506919525E1	-4.535516627E1
3.517434954E1	-4.271472485E1
3.528211362E1	-4.655924880E1
3.538798496E1	-4.588454168E1
3.549946279E1	-4.502656906E1
3.560741733E1	-4.540297457E1
3.571851846E1	-4.415682433E1
3.583210838E1	-4.489492998E1
3.593602913E1	-4.461808553E1
3.604480908E1	-4.467898170E1
3.616614896E1	-4.576715657E1
3.627694604E1	-4.864895156E1
3.638592192E1	-4.885056048E1
3.649704050E1	-4.979776809E1
3.660402000E1	-4.701201406E1
3.671537050E1	-4.710840749E1
3.682433896E1	-4.745766330E1
3.693601683E1	-4.717240167E1
3.704284154E1	-4.897852003E1
3.715246046E1	-4.747184356E1
3.726352950E1	-4.749373809E1
3.737796892E1	-4.724465464E1
3.749802367E1	-4.987226551E1
3.760618496E1	-4.602295069E1
3.771486096E1	-4.873457541E1
3.782484683E1	-4.692764886E1
3.793600688E1	-4.934387005E1
3.804815279E1	-4.734296228E1
3.815467687E1	-4.788081253E1
3.826487417E1	-4.786477975E1
3.837714217E1	-4.733084891E1
3.848626454E1	-4.659355874E1
3.859386492E1	-4.757744206E1
3.870270771E1	-4.837705534E1
3.880637942E1	-4.741659825E1
3.891465767E1	-4.781447784E1
3.902598637E1	-4.669331725E1
3.913613183E1	-4.838026164E1
3.924680962E1	-4.929245411E1
3.935935500E1	-4.700043338E1
3.946955608E1	-4.625945911E1
3.957984946E1	-4.532111657E1
3.969921346E1	-4.677829193E1
3.980444929E1	-4.592012261E1
3.990804667E1	-4.429618131E1
4.002553425E1	-4.335948030E1
4.013607158E1	-4.369902478E1
4.024485004E1	-4.713402376E1
4.035682671E1	-4.482508752E1
4.046486533E1	-4.398335390E1
4.057434000E1	-4.629976958E1
4.068464121E1	-4.590119278E1
4.079757079E1	-4.496491762E1
4.090786871E1	-4.522006394E1
4.101956892E1	-4.440886166E1
4.112727067E1	-4.617318468E1
4.123605137E1	-4.705869509E1
4.134768429E1	-4.806225546E1
4.145283337E1	-4.614143867E1
4.156392004E1	-4.859389978E1
4.167194129E1	-4.921099965E1
4.177406587E1	-4.891700173E1
4.188048529E1	-5.039109970E1
4.199373146E1	-4.861219425E1
4.211696704E1	-4.709996202E1
4.222490996E1	-4.863633290E1
4.233632462E1	-4.880290986E1
4.244473983E1	-4.683795087E1
4.255491746E1	-4.711471437E1
4.266590133E1	-4.620326846E1
4.277629354E1	-4.812968995E1
4.288774242E1	-4.716180606E1
4.299627958E1	-4.702646381E1
4.311767637E1	-4.776094457E1
4.322246812E1	-4.606852381E1
4.332536588E1	-4.763858172E1
4.343842496E1	-4.798860115E1
4.354782042E1	-4.752419781E1
4.365811071E1	-4.606724420E1
4.376986629E1	-4.605600056E1
4.388200929E1	-4.460734222E1
4.398646046E1	-4.408996751E1
4.409799671E1	-4.356372259E1
4.420309988E1	-4.275694371E1
4.431470850E1	-4.557943477E1
4.442543708E1	-4.298594117E1
4.454612317E1	-4.059362119E1
4.465049204E1	-3.994299131E1
4.477007725E1	-4.050609519E1
4.487991488E1	-4.063344798E1
4.498947571E1	-4.176901700E1
4.510237029E1	-4.236766762E1
4.521624437E1	-4.252217380E1
4.531986742E1	-4.233219607E1
4.542514700E1	-4.383658979E1
4.553668450E1	-4.368981541E1
4.564642104E1	-4.455671508E1
4.576837054E1	-4.481490243E1
4.587474133E1	-4.364801998E1
4.598748412E1	-4.497134166E1
4.609485929E1	-4.480489764E1
4.620354762E1	-4.471955806E1
4.631486754E1	-4.418888250E1
4.642871346E1	-4.424024919E1
4.653651212E1	-4.287602619E1
4.664486121E1	-4.287240541E1
4.675550567E1	-4.248920937E1
4.686624862E1	-4.241968462E1
4.697147137E1	-4.238532512E1
4.708283817E1	-4.245920075E1
4.718988583E1	-4.267447378E1
4.729950746E1	-4.330183123E1
4.740697971E1	-4.384438851E1
4.752048033E1	-4.238743631E1
4.763030475E1	-4.321157834E1
4.774106208E1	-4.514423144E1
4.785215075E1	-4.455967974E1
4.796059317E1	-4.353515117E1
4.807004917E1	-4.340383020E1
4.818287475E1	-4.475178410E1
4.830343096E1	-4.276913795E1
4.841478858E1	-4.293119435E1
4.852511917E1	-4.376392233E1
4.863295171E1	-4.347108818E1
4.874561100E1	-4.356868453E1
4.885438583E1	-4.168215077E1
4.896486546E1	-4.307575113E1
4.907623454E1	-4.252557693E1
4.918693917E1	-4.254674954E1
4.929618996E1	-4.228182879E1
4.941726225E1	-4.231306460E1
4.952512608E1	-4.240245813E1
4.962904813E1	-4.254996302E1
4.974542212E1	-4.277571855E1
4.985738854E1	-4.244534683E1
4.996906775E1	-4.316712772E1
5.007484808E1	-4.304091489E1
5.018701712E1	-4.343921490E1
5.029899262E1	-4.418505400E1
5.040344371E1	-4.448231441E1
5.051532500E1	-4.425719533E1
5.062017983E1	-4.419479169E1
5.073209729E1	-4.386684635E1
5.084232754E1	-4.392466706E1
5.095338396E1	-4.468208656E1
5.106545421E1	-4.444489807E1
5.117540700E1	-4.392632102E1
5.129681842E1	-4.341368714E1
5.140573217E1	-4.329176828E1
5.151504633E1	-4.341286350E1
5.162502896E1	-4.388066380E1
5.173300167E1	-4.249739601E1
5.184664342E1	-4.402200054E1
5.195510129E1	-4.310892615E1
5.206716458E1	-4.295325538E1
5.217768467E1	-4.171473454E1
5.228791850E1	-4.271708581E1
5.239745813E1	-4.330155989E1
5.250417329E1	-4.237042470E1
5.261503454E1	-4.248158885E1
5.272481562E1	-4.283568508E1
5.283506217E1	-4.338819431E1
5.294674617E1	-4.319343284E1
5.305378263E1	-4.154653601E1
5.316352071E1	-4.268942362E1
5.327192363E1	-4.296891415E1
5.338248842E1	-4.192968426E1
5.348726583E1	-4.363640436E1
5.359591733E1	-4.335140656E1
5.370665000E1	-4.405296617E1
5.381873937E1	-4.438182061E1
5.394170854E1	-4.383901312E1
5.404544642E1	-4.568665233E1
5.416031142E1	-4.437552421E1
5.426422729E1	-4.419724364E1
5.437520475E1	-4.561444977E1
5.448775642E1	-4.858279450E1
5.460886258E1	-4.849214432E1
5.471290212E1	-4.780377926E1
5.482862421E1	-4.721663168E1
5.493281504E1	-4.639953697E1
5.505356129E1	-4.446520343E1
5.516334858E1	-4.199300306E1
5.527067321E1	-4.195248123E1
5.538014950E1	-4.247512924E1
5.548736512E1	-4.299516208E1
5.559990767E1	-4.259039498E1
5.570413333E1	-4.326211088E1
5.581601808E1	-4.295736896E1
5.592449304E1	-4.135352805E1
5.603140604E1	-4.156007650E1
5.614078346E1	-4.144466884E1
5.625257425E1	-4.109453104E1
5.636397637E1	-4.139987230E1
5.647068025E1	-4.314812930E1
5.658231604E1	-4.206777924E1
5.670613608E1	-4.409678401E1
5.681348367E1	-4.319606209E1
5.692076329E1	-4.254738364E1
5.703158879E1	-4.436933232E1
5.714632125E1	-4.687489108E1
5.725409896E1	-4.761342932E1
5.736382313E1	-4.701736119E1
5.747765208E1	-4.565133791E1
5.758732229E1	-4.544396809E1
5.769878592E1	-4.594233624E1
5.780543563E1	-4.624309876E1
5.790851054E1	-4.579478835E1
5.802749825E1	-4.549692490E1
5.813757283E1	-4.551027696E1
5.824886108E1	-4.373878891E1
5.835636575E1	-4.225754944E1
5.845968679E1	-4.302589644E1
5.858103467E1	-4.296678971E1
5.869532358E1	-4.178857395E1
5.880460787E1	-4.101637099E1
5.891611337E1	-4.321246955E1
5.902773296E1	-4.450443304E1
5.913768637E1	-4.394966494E1
5.924477879E1	-4.252934205E1
5.935482475E1	-4.342269488E1
5.946502792E1	-4.370476738E1
5.957525600E1	-4.166928869E1
5.968648400E1	-4.185413130E1
5.979973904E1	-4.439191081E1
5.990420917E1	-4.456389652E1
6.001485650E1	-4.427045419E1
6.012097325E1	-4.535054765E1
6.023065863E1	-4.505668771E1
6.035443946E1	-4.460530502E1
6.046717467E1	-4.524571418E1
6.057084233E1	-4.474819461E1
6.067848063E1	-4.472561768E1
6.078773471E1	-4.495797311E1
6.089485946E1	-4.470849231E1
6.100639454E1	-4.540970600E1
6.111784842E1	-4.568118953E1
6.122773038E1	-4.561391771E1
6.133776471E1	-4.522876888E1
6.144479521E1	-4.531760627E1
6.155434554E1	-4.279034758E1
6.167389146E1	-4.349527892E1
6.179611092E1	-4.212829758E1
6.190442825E1	-4.134367654E1
6.201389558E1	-4.192485068E1
6.213584583E1	-4.404641770E1
6.224594517E1	-4.583246668E1
6.235591346E1	-4.475675780E1
6.246398700E1	-4.433825274E1
6.257298642E1	-4.557331997E1
6.268642787E1	-4.431708581E1
6.279916375E1	-4.677854269E1
6.290499717E1	-4.699304085E1
6.301770208E1	-4.476080435E1
6.312551371E1	-4.375656044E1
6.323668017E1	-4.382576364E1
6.334517042E1	-4.401638415E1
6.345455225E1	-4.576379669E1
6.356384263E1	-4.450297782E1
6.366638087E1	-4.435702016E1
6.378404687E1	-4.457460903E1
6.389575442E1	-4.249874869E1
6.400463200E1	-4.369818733E1
6.411479742E1	-4.303000097E1
6.422322088E1	-4.433544539E1
6.432689621E1	-4.369999868E1
6.444411808E1	-4.433996813E1
6.455466829E1	-4.278013926E1
6.466432412E1	-4.419990066E1
6.477425158E1	-4.474973820E1
6.487749554E1	-4.475863846E1
6.498863975E1	-4.595716498E1
6.511250000E1	-4.707890336E1
6.522128504E1	-4.650959260E1
6.533394954E1	-4.587578234E1
6.543783521E1	-4.906028826E1
6.554588108E1	-4.713827306E1
6.565004171E1	-4.850224846E1
6.577017071E1	-4.811907836E1
6.588303292E1	-4.778804650E1
6.598871533E1	-4.785911272E1
6.609237213E1	-4.718228967E1
6.621738371E1	-4.496459917E1
6.632143812E1	-4.301201588E1
6.642669575E1	-4.341492648E1
6.653001625E1	-4.290403762E1
6.665082425E1	-4.418102268E1
6.675960708E1	-4.667483759E1
6.687136692E1	-4.678904472E1
6.698369729E1	-4.529449769E1
6.709608858E1	-4.571244173E1
6.720473033E1	-4.737919243E1
6.731308300E1	-4.921673847E1
6.742143042E1	-5.043632374E1
6.753349450E1	-4.883117549E1
6.763968300E1	-4.754663791E1
6.775082058E1	-4.841407666E1
6.785493400E1	-4.710125018E1
6.796430092E1	-4.822690329E1
6.807782996E1	-5.044792754E1
6.818889446E1	-4.761863080E1
6.830093067E1	-4.573320164E1
6.840491404E1	-4.268413914E1
6.850774267E1	-4.273981648E1
6.861909554E1	-4.303699451E1
6.872797871E1	-4.440730284E1
6.883923842E1	-4.243626083E1
6.894548842E1	-4.420326063E1
6.905483846E1	-4.490358004E1
6.916483946E1	-4.422396431E1
6.927527412E1	-4.428506124E1
6.938694117E1	-4.459091266E1
6.949888892E1	-4.421251316E1
6.961124037E1	-4.528430625E1
6.973392512E1	-4.477795704E1
6.984448171E1	-4.484843230E1
6.995510812E1	-4.781271754E1
7.006512462E1	-4.750469762E1
7.018669450E1	-4.761056707E1
7.029981783E1	-4.631901678E1
7.042360350E1	-4.628995483E1
7.053447479E1	-4.591340855E1
7.064795779E1	-4.629618888E1
7.076914358E1	-4.446451589E1
7.087512667E1	-4.529000777E1
7.098555296E1	-4.720295821E1
7.109577333E1	-4.653194132E1
7.120601179E1	-4.725005660E1
7.131459642E1	-4.765200555E1
7.142147204E1	-4.794736502E1
7.152743900E1	-4.684129914E1
7.163829104E1	-4.756787414E1
7.174589162E1	-4.904102030E1
7.185003971E1	-4.859432743E1
7.196844063E1	-4.686814131E1
7.207551008E1	-4.759859064E1
7.218668858E1	-4.659969411E1
7.229499596E1	-4.450056967E1
7.240500221E1	-4.586164841E1
7.251490454E1	-4.634371694E1
7.262694675E1	-4.749998515E1
7.273848379E1	-4.606761069E1
7.285121554E1	-4.726939391E1
7.297598721E1	-4.419836965E1
7.308747350E1	-4.365847209E1
7.319422950E1	-4.511528638E1
7.330507371E1	-4.312822917E1
7.341456283E1	-4.086397006E1
7.352568762E1	-4.234901225E1
7.364691617E1	-4.094409582E1
7.375504458E1	-4.197834421E1
7.386783121E1	-4.275598358E1
7.397532675E1	-4.223128630E1
7.408648850E1	-4.296238687E1
7.419059479E1	-4.488914539E1
7.429380008E1	-4.396883525E1
7.440199233E1	-4.423118103E1
7.451156892E1	-4.299475877E1
7.462311521E1	-4.342086257E1
7.474632429E1	-4.289110106E1
7.485529167E1	-4.252476609E1
7.496486879E1	-4.346881438E1
7.507450237E1	-4.629829406E1
7.518510446E1	-4.684649027E1
7.528873767E1	-4.677803758E1
7.539932692E1	-4.932866772E1
7.550996229E1	-4.781238774E1
7.561805542E1	-4.730829092E1
7.572548842E1	-4.616388863E1
7.583550950E1	-4.657986893E1
7.594593787E1	-4.596830051E1
7.605528483E1	-4.918176582E1
7.616473146E1	-4.981521235E1
7.627190312E1	-4.775151488E1
7.639524492E1	-4.571826677E1
7.649775071E1	-4.530572453E1
7.661837979E1	-4.490165603E1
7.672292971E1	-4.510583205E1
7.682576704E1	-4.650197612E1
7.694678521E1	-4.556968350E1
7.705534142E1	-4.605738686E1
7.716484375E1	-4.131334561E1
7.727191612E1	-4.323842950E1
7.738254512E1	-4.451893824E1
7.749016038E1	-4.406380632E1
7.760145012E1	-4.561388463E1
7.771055350E1	-4.228335224E1
7.782211396E1	-4.216889292E1
7.793407954E1	-4.285018314E1
7.803882917E1	-4.320490547E1
7.815075863E1	-4.249258813E1
7.827667417E1	-4.383865233E1
7.838515908E1	-4.411234967E1
7.849370183E1	-4.363828067E1
7.860483583E1	-4.361980346E1
7.871821046E1	-4.596515697E1
7.882256579E1	-4.478761187E1
7.893385942E1	-4.346048090E1
7.904365942E1	-4.449955115E1
7.915554837E1	-4.946288040E1
7.926642442E1	-5.039346829E1
7.937846858E1	-4.722233575E1
7.948742954E1	-4.750999239E1
7.959966933E1	-4.816574025E1
7.972141692E1	-4.805710115E1
7.983166971E1	-4.870907659E1
7.993440796E1	-4.798123046E1
8.004922067E1	-4.753405860E1
8.016726942E1	-4.889148618E1
8.027458712E1	-4.738906984E1
8.037834925E1	-4.720911865E1
8.048831225E1	-4.668240754E1
8.059967821E1	-4.542813633E1
8.071197146E1	-4.241305841E1
8.083237692E1	-4.196519539E1
8.094409108E1	-4.141225228E1
8.105541425E1	-4.186727161E1
8.116486562E1	-4.329034557E1
8.127336867E1	-4.240393704E1
8.138626092E1	-4.282614479E1
8.149496254E1	-4.394467872E1
8.160565596E1	-4.611961796E1
8.171308388E1	-4.720994645E1
8.182414204E1	-4.864140660E1
8.193346821E1	-4.991606272E1
8.204683629E1	-4.795963402E1
8.215567025E1	-4.808550117E1
8.226496304E1	-4.956259589E1
8.237525750E1	-4.856054359E1
8.248500667E1	-4.919864978E1
8.259668279E1	-4.925270155E1
8.270572487E1	-4.756478392E1
8.281486308E1	-5.021867164E1
8.292244775E1	-4.848260365E1
8.303453962E1	-4.611339170E1
8.313918671E1	-5.028929989E1
8.324925721E1	-4.689521246E1
8.336170196E1	-4.931137684E1
8.347242125E1	-4.811070551E1
8.359495475E1	-4.547674535E1
8.369787521E1	-4.788202640E1
8.381797258E1	-4.680735000E1
8.392752817E1	-4.815180253E1
8.403929925E1	-4.861730337E1
8.414502863E1	-5.185278884E1
8.425582133E1	-4.796597516E1
8.436478525E1	-4.909717294E1
8.447297550E1	-4.981091227E1
8.458423542E1	-4.908017214E1
8.469654425E1	-4.706670910E1
8.480578179E1	-4.600886830E1
8.491961862E1	-4.556039449E1
8.502788900E1	-4.571131246E1
8.514042396E1	-4.504252666E1
8.525192154E1	-4.459881181E1
8.535600429E1	-4.415392586E1
8.546477479E1	-4.434062823E1
8.557560546E1	-4.341062605E1
8.569174254E1	-4.354613117E1
8.579817213E1	-4.240921636E1
8.590129604E1	-4.201496269E1
8.601520679E1	-4.134034209E1
8.613108900E1	-4.159653058E1
8.623425079E1	-4.131381520E1
8.635608346E1	-4.156843507E1
8.646874221E1	-4.309745387E1
8.658937800E1	-4.238076298E1
8.669652867E1	-4.182845766E1
8.680591337E1	-4.153667270E1
8.691528696E1	-4.257965312E1
8.702595217E1	-4.314758696E1
8.713707871E1	-4.363148155E1
8.724553363E1	-4.203116223E1
8.735615150E1	-4.343728346E1
8.746485004E1	-4.346239500E1
8.757276617E1	-4.335207711E1
8.768475300E1	-4.297094440E1
8.778934488E1	-4.378559858E1
8.789401142E1	-4.437010263E1
8.800223329E1	-4.422023102E1
8.811088362E1	-4.410616036E1
8.822258558E1	-4.360124086E1
8.833287138E1	-4.401389432E1
8.844471200E1	-4.538915473E1
8.855760300E1	-4.436202337E1
8.866485379E1	-4.317608770E1
8.877732475E1	-4.579072675E1
8.888656117E1	-4.424681686E1
8.899483712E1	-4.481449106E1
8.910614975E1	-4.403384235E1
8.921485408E1	-4.276966486E1
8.932535296E1	-4.316076903E1
8.943577367E1	-4.287250418E1
8.954708783E1	-4.376339858E1
8.965732688E1	-4.251409631E1
8.976886600E1	-4.476931627E1
8.987646846E1	-4.279173035E1
8.998485500E1	-4.438386410E1
9.009208808E1	-4.294836657E1
9.020210700E1	-4.209855085E1
9.031132508E1	-4.159756422E1
9.042295092E1	-4.528375584E1
9.053487037E1	-4.283282450E1
9.063962683E1	-4.329742078E1
9.074801821E1	-4.167623096E1
9.085912075E1	-4.185635000E1
9.097050787E1	-4.155786155E1
9.107517163E1	-4.157271697E1
9.118481071E1	-4.210212013E1
9.129719537E1	-4.220083268E1
9.140643867E1	-4.358196390E1
9.151163508E1	-4.240304858E1
9.162296667E1	-4.422037591E1
9.173243479E1	-4.325369105E1
9.183972713E1	-4.388801712E1
9.194591825E1	-4.627557539E1
9.205635313E1	-4.300325132E1
9.217299808E1	-4.476470079E1
9.227664833E1	-4.539241161E1
9.239496129E1	-4.603475549E1
9.249716467E1	-4.470686148E1
9.260742146E1	-4.420980950E1
9.272301529E1	-4.470307718E1
9.283430104E1	-4.322747384E1
9.294737533E1	-4.338704565E1
9.305630921E1	-4.276763699E1
9.316633608E1	-4.327531141E1
9.327509738E1	-4.355547942E1
9.338242142E1	-4.519270125E1
9.349679133E1	-4.594858367E1
9.360656612E1	-4.644926565E1
9.371877458E1	-4.679034524E1
9.382510325E1	-4.758248371E1
9.393767304E1	-4.746849501E1
9.404496925E1	-4.649069217E1
9.415501396E1	-4.302817801E1
9.426516229E1	-4.287093487E1
9.437317467E1	-4.620389918E1
9.448406742E1	-4.308810445E1
9.459178821E1	-4.417852644E1
9.469515238E1	-4.481128840E1
9.481152508E1	-4.356387219E1
9.491526837E1	-4.400084999E1
9.503713808E1	-4.432790494E1
9.515027217E1	-4.421749429E1
9.525646300E1	-4.314472534E1
9.536680558E1	-4.358357506E1
9.547411183E1	-4.506130759E1
9.558478433E1	-4.399691868E1
9.569669250E1	-4.495926401E1
9.580737813E1	-4.382201264E1
9.591894579E1	-4.424490886E1
9.602333458E1	-4.630628000E1
9.613448738E1	-4.680735877E1
9.625764337E1	-4.867326159E1
9.636908100E1	-4.664965590E1
9.647338542E1	-4.742414058E1
9.658350246E1	-4.621363510E1
9.669221821E1	-4.998223295E1
9.679869150E1	-4.514392677E1
9.690124633E1	-4.179815059E1
9.701099454E1	-4.310022824E1
9.712439037E1	-4.264500729E1
9.722781583E1	-4.329302986E1
9.734739296E1	-4.300663867E1
9.745775337E1	-4.352068800E1
9.756900042E1	-4.127056431E1
9.767460992E1	-4.127243565E1
9.777830412E1	-4.314497698E1
9.789699737E1	-4.340209109E1
9.800686667E1	-4.569160472E1
9.811848696E1	-4.375164201E1
9.824142113E1	-4.404864809E1
9.835314958E1	-4.443464491E1
9.845672358E1	-4.874914273E1
9.856708687E1	-4.832384954E1
9.867523892E1	-4.679133904E1
9.878674329E1	-4.606466471E1
9.889727762E1	-4.643560884E1
9.900877912E1	-4.663448188E1
9.911958467E1	-4.745645873E1
9.922466808E1	-4.468363106E1
9.932859242E1	-4.331408832E1
9.945172254E1	-4.474038111E1
9.955677442E1	-4.595539806E1
9.966555367E1	-4.418919889E1
9.977817517E1	-4.303113989E1
9.989013625E1	-4.568863387E1
9.999622471E1	-4.458689048E1
1.001070492E2	-4.726210877E1
1.002192015E2	-4.762034247E1
1.003237647E2	-4.902241303E1
1.004358592E2	-4.353319631E1
1.005402746E2	-4.835388925E1
1.006452745E2	-4.785465391E1
1.007529870E2	-4.904137126E1
1.008598252E2	-4.930008612E1
1.009696620E2	-5.055385233E1
1.010765970E2	-5.101818556E1
1.011877453E2	-5.220701772E1
1.012922830E2	-5.003837546E1
1.013941412E2	-4.871763923E1
1.015116412E2	-4.640121234E1
1.016228460E2	-4.654665937E1
1.017331268E2	-4.418644691E1
1.018403762E2	-4.370184268E1
1.019467505E2	-4.392150246E1
1.020569150E2	-4.211570965E1
1.021648581E2	-4.307999895E1
1.022762441E2	-4.460183737E1
1.023865430E2	-4.543417950E1
1.024974618E2	-4.523416717E1
1.026070913E2	-4.439191863E1
1.027151046E2	-4.403506105E1
1.028237528E2	-4.709983650E1
1.029368577E2	-4.557331211E1
1.030441670E2	-4.621292790E1
1.031550645E2	-4.768809199E1
1.032591663E2	-4.921448978E1
1.033630848E2	-4.768306893E1
1.034729079E2	-4.583652103E1
1.035846756E2	-4.752835005E1
1.037075513E2	-4.923998480E1
1.038199339E2	-4.924909921E1
1.039240491E2	-4.872630610E1
1.040327825E2	-4.766065954E1
1.041404321E2	-4.824758064E1
1.042442550E2	-4.802568990E1
1.043531845E2	-4.767848499E1
1.044585731E2	-4.852274903E1
1.045696832E2	-4.795215474E1
1.046754181E2	-4.900929028E1
1.047866081E2	-5.001214640E1
1.048949507E2	-4.939036034E1
1.050062311E2	-4.865862188E1
1.051187606E2	-4.602585736E1
1.052241105E2	-4.847474491E1
1.053292241E2	-4.363445342E1
1.054431784E2	-4.361986364E1
1.055550608E2	-4.291541029E1
1.056599305E2	-4.179398995E1
1.057698718E2	-4.231283462E1
1.058782716E2	-4.260111509E1
1.059897265E2	-4.230873656E1
1.061000013E2	-4.252145734E1
1.062116108E2	-4.307949812E1
1.063231752E2	-4.325251153E1
1.064354180E2	-4.353254651E1
1.065480545E2	-4.383104717E1
1.066572983E2	-4.343490150E1
1.067655762E2	-4.397838227E1
1.068689743E2	-4.390533929E1
1.069791796E2	-4.435182891E1
1.070895027E2	-4.410328784E1
1.072073071E2	-4.368777160E1
1.073181665E2	-4.395319320E1
1.074213010E2	-4.447072609E1
1.075407398E2	-4.500088836E1
1.076512498E2	-4.370821648E1
1.077650798E2	-4.492580177E1
1.078741636E2	-4.454294303E1
1.079847740E2	-4.419755348E1
1.081065957E2	-4.351987851E1
1.082181665E2	-4.357413878E1
1.083268784E2	-4.303669569E1
1.084368385E2	-4.241191464E1
1.085474115E2	-4.322222641E1
1.086579482E2	-4.296913390E1
1.087638987E2	-4.345860654E1
1.088742085E2	-4.511041896E1
1.089828182E2	-4.549266308E1
1.090908595E2	-4.527924085E1
1.091948598E2	-4.600600312E1
1.093035974E2	-4.735412432E1
1.094112920E2	-4.625176719E1
1.095247733E2	-4.446200382E1
1.096314368E2	-4.385245024E1
1.097408642E2	-4.620586860E1
1.098529664E2	-4.681988189E1
1.099590702E2	-4.707499121E1
1.100630603E2	-4.591972671E1
1.101849160E2	-4.619578753E1
1.102981582E2	-4.621747730E1
1.104074882E2	-4.662299043E1
1.105131513E2	-4.691905447E1
1.106243860E2	-4.538010470E1
1.107370490E2	-4.581842257E1
1.108409198E2	-4.632102515E1
1.109529192E2	-4.538836966E1
1.110621965E2	-4.437843075E1
1.111661842E2	-4.449106686E1
1.112848186E2	-4.518174256E1
1.113979380E2	-4.465793573E1
1.115076161E2	-4.431140843E1
1.116175741E2	-4.374700511E1
1.117242748E2	-4.457953339E1
1.118358398E2	-4.484127861E1
1.119475507E2	-4.411548940E1
1.120576795E2	-4.527246051E1
1.121647754E2	-4.681048911E1
1.122685482E2	-4.405930732E1
1.123851509E2	-4.327295707E1
1.124959098E2	-4.184004567E1
1.126075045E2	-4.234835734E1
1.127178512E2	-4.370364230E1
1.128291160E2	-4.456341314E1
1.129407060E2	-4.631207194E1
1.130519153E2	-4.332111443E1
1.131773212E2	-4.332963697E1
1.132866015E2	-4.370723908E1
1.133910941E2	-4.233883359E1
1.135018931E2	-4.218990464E1
1.136117911E2	-4.265632471E1
1.137234214E2	-4.164486162E1
1.138357975E2	-4.163474138E1
1.139411454E2	-4.225436155E1
1.140456739E2	-4.493492633E1
1.141540352E2	-4.381451213E1
1.142575720E2	-4.538719307E1
1.143680713E2	-4.510445438E1
1.144872888E2	-4.381943837E1
1.145922818E2	-4.385077263E1
1.146955816E2	-4.434387280E1
1.148144305E2	-4.367243811E1
1.149245262E2	-4.315567118E1
1.150363717E2	-4.363102337E1
1.151488975E2	-4.319514700E1
1.152707719E2	-4.301375815E1
1.153795451E2	-4.316884789E1
1.154927945E2	-4.259785422E1
1.156021239E2	-4.315035102E1
1.157153224E2	-4.194035633E1
1.158268191E2	-4.194034342E1
1.159355683E2	-4.300081900E1
1.160455311E2	-4.359426064E1
1.161580212E2	-4.194569247E1
1.162650912E2	-4.138699133E1
1.163747054E2	-4.460529041E1
1.164895648E2	-4.015800040E1
1.165971510E2	-4.308927535E1
1.167079316E2	-3.913012998E1
1.168245998E2	-4.241981373E1
1.169417474E2	-4.086072884E1
1.170448479E2	-4.107211558E1
1.171539533E2	-4.418779693E1
1.172624466E2	-4.221501914E1
1.173706939E2	-4.512746430E1
1.174784257E2	-4.166005014E1
1.175875366E2	-4.312363447E1
1.176952643E2	-4.248007347E1
1.178042839E2	-4.295355486E1
1.179129470E2	-4.134630749E1
1.180249055E2	-4.095465924E1
1.181342688E2	-3.978630498E1
1.182417378E2	-4.103837491E1
1.183539890E2	-4.211673398E1
1.184602887E2	-4.281960392E1
1.185719050E2	-4.320961517E1
1.186753487E2	-4.182983473E1
1.187847856E2	-4.099999358E1
1.188949526E2	-4.277727601E1
1.190069809E2	-4.282775891E1
1.191148578E2	-4.406216838E1
1.192248420E2	-4.181623901E1
1.193357858E2	-4.397891773E1
1.194477903E2	-4.216520412E1
1.195590085E2	-4.695122527E1
1.196823977E2	-4.652220337E1
1.197915577E2	-4.315963802E1
1.198956024E2	-4.556938040E1
1.200075434E2	-4.380960453E1
1.201179131E2	-4.474288163E1
1.202337512E2	-4.717291551E1
1.203416329E2	-4.712094811E1
1.204458927E2	-4.616070224E1
1.205546257E2	-4.513422234E1
1.206563943E2	-4.754407917E1
1.207656825E2	-4.437677214E1
1.208846996E2	-4.349442901E1
1.209916249E2	-4.533876976E1
1.210954305E2	-4.431582340E1
1.212057875E2	-4.227157894E1
1.213159925E2	-4.545951546E1
1.214251725E2	-4.465263912E1
1.215369148E2	-4.310795631E1
1.216454524E2	-4.225513083E1
1.217546022E2	-4.600848246E1
1.218616411E2	-4.935325774E1
1.219722243E2	-4.993304417E1
1.220797236E2	-4.717717539E1
1.221834830E2	-4.992283064E1
1.223036321E2	-4.750721335E1
1.224139043E2	-4.546876435E1
1.225253442E2	-4.475456679E1
1.226303335E2	-4.639480603E1
1.227416646E2	-4.608747507E1
1.228563487E2	-4.416279082E1
1.229691567E2	-4.551561076E1
1.230937186E2	-4.287637069E1
1.232045483E2	-4.228807997E1
1.233159542E2	-4.236182635E1
1.234277332E2	-4.324656061E1
1.235392834E2	-4.404302132E1
1.236449692E2	-4.424122539E1
1.237561620E2	-4.403947058E1
1.238658964E2	-4.668445365E1
1.239755510E2	-4.486288644E1
1.240847613E2	-4.422711391E1
1.241917066E2	-4.484333473E1
1.243016935E2	-4.484168094E1
1.244093868E2	-4.460385838E1
1.245122509E2	-4.288983557E1
1.246272354E2	-4.505013417E1
1.247360813E2	-4.364684751E1
1.248439975E2	-4.534385040E1
1.249476981E2	-4.806248695E1
1.250660669E2	-4.616789869E1
1.251695086E2	-4.583481107E1
1.252911364E2	-4.711270593E1
1.254035997E2	-4.685038973E1
1.255084218E2	-4.596010878E1
1.256273515E2	-4.683075987E1
1.257348555E2	-4.955701580E1
1.258570348E2	-4.630312406E1
1.259693288E2	-4.754208240E1
1.260754748E2	-4.788022348E1
1.261880767E2	-4.683175538E1
1.262950995E2	-4.662790423E1
1.264063208E2	-4.678384479E1
1.265105967E2	-4.701193167E1
1.266178956E2	-4.753793362E1
1.267252329E2	-4.557916561E1
1.268366319E2	-4.520762155E1
1.269465962E2	-4.528407747E1
1.270601960E2	-4.578313144E1
1.271714825E2	-4.414941397E1
1.272752108E2	-4.373955822E1
1.273867570E2	-4.395885976E1
1.274954225E2	-4.257181061E1
1.276050569E2	-4.302536976E1
1.277165999E2	-4.270424502E1
1.278253285E2	-4.658315410E1
1.279384072E2	-4.472970380E1
1.280459180E2	-4.434109454E1
1.281547488E2	-4.674235038E1
1.282654435E2	-4.750528156E1
1.283753540E2	-4.800370225E1
1.284868615E2	-4.779138265E1
1.285921379E2	-4.872356756E1
1.287018279E2	-4.943616110E1
1.288116437E2	-4.573598833E1
1.289168195E2	-4.695679185E1
1.290211262E2	-4.651784943E1
1.291393387E2	-4.834342017E1
1.292425043E2	NaN
1.293587149E2	-4.827971207E1
1.294692267E2	-4.812459656E1
1.295822457E2	-4.705217240E1
1.296928997E2	-4.778649434E1
1.298048726E2	-4.827788001E1
1.299087646E2	-4.848340397E1
1.300183260E2	-4.840357239E1
1.301327557E2	-4.839811935E1
1.302421999E2	-4.822096171E1
1.303481793E2	-4.739154924E1
1.304588774E2	-4.386104948E1
1.305665024E2	-4.389366671E1
1.306754908E2	-4.264207090E1
1.307797882E2	-4.211639507E1
1.308883439E2	-4.174098762E1
1.309922401E2	-4.284286183E1
1.311048799E2	-4.147253723E1
1.312156564E2	-4.335352462E1
1.313350798E2	-4.482407995E1
1.314421806E2	NaN
1.315504958E2	-4.271128301E1
1.316589616E2	-4.113812473E1
1.317652100E2	-4.284630297E1
1.318755585E2	-4.100369571E1
1.319863222E2	-4.292723842E1
1.320959398E2	-4.285019517E1
1.322048585E2	-4.258040131E1
1.323188466E2	-4.212865046E1
1.324255630E2	-4.271390367E1
1.325299504E2	-4.275338920E1
1.326325648E2	-4.376886565E1
1.327550431E2	-4.315831845E1
1.328641846E2	-4.317680199E1
1.329760548E2	-4.321658678E1
1.330882444E2	-4.461741878E1
1.331927556E2	-4.468942571E1
1.333039488E2	-4.452087909E1
1.334090010E2	-4.575601847E1
1.335205322E2	-4.701493688E1
1.336307623E2	-4.560138129E1
1.337345649E2	-4.450351835E1
1.338534656E2	-4.423367768E1
1.339667644E2	-4.206024727E1
1.340757515E2	-4.215415780E1
1.341857816E2	-4.155878310E1
1.342951052E2	-4.220835404E1
1.344063000E2	-4.604351385E1
1.345124979E2	-4.403120766E1
1.346151728E2	-4.849258951E1
1.347256547E2	-4.252757701E1
1.348424125E2	-4.105338603E1
1.349532438E2	-4.421981189E1
1.350591942E2	-4.146929592E1
1.351663518E2	-4.047274339E1
1.352757866E2	-4.077137095E1
1.353862443E2	-4.111722335E1
1.354976138E2	-4.335478285E1
1.356110595E2	-4.370539245E1
1.357219392E2	-4.430811002E1
1.358307785E2	-4.534403556E1
1.359438359E2	-4.550968579E1
1.360554382E2	-4.375412280E1
1.361595372E2	-4.413725975E1
1.362655534E2	-4.439579441E1
1.363699707E2	-4.536704691E1
1.364825550E2	-4.360781467E1
1.366030695E2	-4.474369491E1
1.367128672E2	-4.395260435E1
1.368155791E2	-4.399157904E1
1.369385045E2	-4.532534785E1
1.370446972E2	-4.303365224E1
1.371558105E2	-4.220763986E1
1.372592938E2	-4.199014756E1
1.373739290E2	-4.135933564E1
1.374815721E2	-4.176542718E1
1.375926525E2	-4.250564528E1
1.376961326E2	-4.321752119E1
1.378046661E2	-4.319058004E1
1.379126644E2	-4.204783708E1
1.380142770E2	-4.115277719E1
1.381380313E2	-4.419128181E1
1.382427094E2	-4.368323995E1
1.383563545E2	-4.455658812E1
1.384667354E2	-4.702501298E1
1.385761230E2	-4.620250090E1
1.386848735E2	-4.628327926E1
1.387926614E2	-4.258214964E1
1.388947725E2	-4.526819286E1
1.390075575E2	-4.176313167E1
1.391148525E2	-4.402829059E1
1.392261372E2	-4.505432459E1
1.393363975E2	-4.267419981E1
1.394427880E2	-4.046767282E1
1.395547964E2	-4.235446243E1
1.396766258E2	-4.155064136E1
1.397884203E2	-4.259405403E1
1.398928665E2	-4.389014009E1
1.400046074E2	-4.398797420E1
1.401095846E2	-4.397460571E1
1.402160074E2	-4.439255164E1
1.403260756E2	-4.483828527E1
1.404377933E2	-4.456742668E1
1.405452412E2	-4.512866133E1
1.406564225E2	-4.490351252E1
1.407647396E2	-4.300934755E1
1.408763111E2	-4.463882351E1
1.409885683E2	-4.283444678E1
1.410927980E2	-4.463516058E1
1.411947534E2	-4.495545954E1
1.413048572E2	-4.605624947E1
1.414173660E2	-4.651110843E1
1.415261751E2	-4.345110676E1
1.416373456E2	-4.524206999E1
1.417466009E2	-4.541005144E1
1.418577723E2	-4.481395724E1
1.419649352E2	-4.198347959E1
1.420674377E2	-4.152010210E1
1.421872627E2	-4.381766525E1
1.423003316E2	-4.219689046E1
1.424096757E2	-4.353846724E1
1.425234038E2	-4.466020085E1
1.426279930E2	-4.548584753E1
1.427320374E2	-4.587613500E1
1.428545748E2	-4.451954356E1
1.429677485E2	-4.587139612E1
1.430762940E2	-4.065659973E1
1.431855574E2	-4.151846609E1
1.433000034E2	-4.377492553E1
1.434101865E2	-4.330518406E1
1.435148561E2	-4.292635095E1
1.436264970E2	-4.318301032E1
1.437346353E2	-4.333870733E1
1.438571576E2	-4.417031113E1
1.439673928E2	-4.675753029E1
1.440779420E2	-4.722757399E1
1.441891857E2	-4.806748742E1
1.442955293E2	-4.711924245E1
1.444061501E2	-4.838526954E1
1.445173515E2	-4.716074911E1
1.446264270E2	-4.807419678E1
1.447347923E2	-4.723821869E1
1.448430060E2	-4.593865834E1
1.449546368E2	-4.766628434E1
1.450665608E2	-4.623239327E1
1.451765902E2	-4.327673583E1
1.452844882E2	-4.239197887E1
1.454025774E2	-4.391908803E1
1.455115157E2	-4.007711003E1
1.456225443E2	-4.151297062E1
1.457285642E2	-4.482677737E1
1.458392386E2	-4.596579210E1
1.459445149E2	-4.345503248E1
1.460480908E2	-4.469224091E1
1.461679137E2	-4.503850146E1
1.462766696E2	-4.481361735E1
1.463889410E2	-4.637268682E1
1.464933222E2	-4.607475697E1
1.466042930E2	-4.725887418E1
1.467099302E2	-4.616759908E1
1.468175730E2	-4.631382830E1
1.469289360E2	-4.655834501E1
1.470405456E2	-4.735601030E1
1.471470322E2	-4.363033288E1
1.472559854E2	-4.247400788E1
1.473673425E2	-4.246692656E1
1.474767297E2	-4.595427961E1
1.475888193E2	-4.325499990E1
1.476953953E2	-4.312851121E1
1.478038218E2	-4.280549514E1
1.479174175E2	-4.247146257E1
1.480266445E2	-4.211231301E1
1.481349727E2	-4.289497760E1
1.482370466E2	-4.307412015E1
1.483541736E2	-4.263283371E1
1.484667365E2	-4.306914871E1
1.485769987E2	-4.318147906E1
1.486890417E2	-4.476241927E1
1.488100587E2	-4.452126768E1
1.489210502E2	-4.511627040E1
1.490315190E2	-4.738571996E1
1.491432802E2	-4.683795566E1
1.492547698E2	-4.741357764E1
1.493767654E2	-4.667534636E1
1.494871897E2	-4.565570227E1
1.495933279E2	-4.627184355E1
1.497024123E2	-4.529499177E1
1.498051875E2	-4.585279857E1
1.499266967E2	-4.585360845E1
1.500366266E2	-4.338454397E1
1.501434886E2	-4.318384820E1
1.502572258E2	-4.414485145E1
1.503649589E2	-4.356313162E1
1.504755985E2	-4.345191772E1
1.505885245E2	-4.425591612E1
1.506957028E2	-4.367120674E1
1.508069092E2	-4.535409505E1
1.509164271E2	-4.506743210E1
1.510268893E2	-4.434500540E1
1.511318152E2	-4.481636875E1
1.512434395E2	-4.548889000E1
1.513557535E2	-4.695120705E1
1.514768559E2	-4.650292146E1
1.515853642E2	-4.597546526E1
1.516951895E2	-4.495848484E1
1.518044957E2	-4.377387616E1
1.519140505E2	-4.381601761E1
1.520248947E2	-4.406863002E1
1.521375222E2	-4.470876527E1
1.522438473E2	-4.446570782E1
1.523530670E2	-4.380764234E1
1.524554804E2	-4.464387461E1
1.525691773E2	-4.382978169E1
1.526891594E2	-4.531021938E1
1.527939670E2	-4.354367228E1
1.528978363E2	-4.332193608E1
1.530173243E2	-4.603233131E1
1.531269680E2	-4.635437506E1
1.532384833E2	-4.726944199E1
1.533439610E2	-4.425979669E1
1.534556843E2	-4.666112035E1
1.535649228E2	-4.605104800E1
1.536766971E2	-4.631905451E1
1.537889210E2	-6.567183620E1
1.538938208E2	-6.792775627E1
1.540048637E2	-6.820756928E1
1.541103711E2	-6.567861552E1
1.542148099E2	-6.603936272E1
1.543231498E2	-6.467887374E1
1.544351208E2	-6.761292686E1
1.545478895E2	-6.647055380E1
1.546564784E2	-6.670898850E1
1.547622767E2	-6.646327320E1
1.548654693E2	-6.539109947E1
1.549753075E2	-6.878436832E1
1.550864728E2	-6.532230562E1
1.552066150E2	-6.583817688E1
1.553152248E2	-6.495522811E1
1.554272295E2	-6.505899618E1
1.555371045E2	-6.701479462E1
1.556480769E2	-6.337852969E1
1.557565805E2	-4.928606097E1
1.558656839E2	-5.538386443E1
1.559691586E2	-5.256315385E1
1.560881297E2	-5.669966299E1
1.561988063E2	-5.118901775E1
1.563105983E2	-5.525708804E1
1.564164614E2	-5.264848003E1
1.565271990E2	-5.497029656E1
1.566402543E2	-5.370392119E1
1.567462679E2	-5.189464737E1
1.568504193E2	-4.978957196E1
1.569664445E2	-4.976263855E1
1.570772607E2	-5.834899608E1
1.571876348E2	-5.667911393E1
1.572953962E2	-5.117116675E1
1.574056260E2	-5.520645684E1
1.575156657E2	-6.734080080E1
1.576184852E2	-5.193640370E1
1.577351096E2	-6.293620792E1
1.578474136E2	-5.049681060E1
1.579584986E2	-5.404059923E1
1.580635941E2	-5.933281702E1
1.581777142E2	-5.598378583E1
1.582863111E2	-5.737355461E1
1.583890428E2	-5.174052445E1
1.585024398E2	-5.384652766E1
1.586049220E2	-5.478561320E1
1.587251605E2	-5.534137514E1
1.588378883E2	-5.167004130E1
1.589444856E2	-5.611686305E1
1.590534325E2	-5.155525518E1
1.591608921E2	-5.959501964E1
1.592713955E2	-5.852492370E1
1.593774167E2	-5.194634365E1
1.594900303E2	-5.426486959E1
1.595990766E2	-6.035418668E1
1.597107930E2	-7.042891225E1
1.598199906E2	-6.893471262E1
1.599321947E2	-7.021787527E1
1.600438850E2	-7.088621306E1
1.601560217E2	-7.103714087E1
1.602608245E2	-7.236833616E1
1.603705214E2	-5.920682349E1
1.604798840E2	-4.493466679E1
1.605912434E2	-4.474882409E1
1.607025185E2	-4.476991235E1
1.608110197E2	-4.516568371E1
1.609212870E2	-4.711906236E1
1.610327212E2	-4.777682656E1
1.611360823E2	-4.707653339E1
1.612581169E2	-4.689270937E1
1.613691505E2	-4.758780210E1
1.614776283E2	-4.734306180E1
1.615903915E2	-4.885138622E1
1.616943445E2	-4.799816558E1
1.618065325E2	-4.822263665E1
1.619108476E2	-4.711336421E1
1.620224051E2	-4.638373883E1
1.621322735E2	-4.568447456E1
1.622440983E2	-4.624245523E1
1.623522504E2	-4.598148724E1
1.624613017E2	-4.563550085E1
1.625706350E2	-4.530012557E1
1.626783858E2	-4.544479569E1
1.627808008E2	-4.558717927E1
1.628999700E2	-4.568211957E1
1.630026728E2	-4.531132794E1
1.631227404E2	-4.498202559E1
1.632350325E2	-4.563937767E1
1.633451891E2	-4.581752367E1
1.634564102E2	-4.440166519E1
1.635610332E2	-4.376725080E1
1.636742562E2	-4.440492623E1
1.637820160E2	-4.487850762E1
1.638953180E2	-4.517066625E1
1.640048755E2	-4.554687130E1
1.641172614E2	-4.662565255E1
1.642277548E2	-4.656490005E1
1.643393926E2	-4.751884600E1
1.644512817E2	-4.618606363E1
1.645610339E2	-4.823158406E1
1.646639521E2	-4.972047006E1
1.647677649E2	-4.914982441E1
1.648776568E2	-4.889074144E1
1.649892009E2	-4.919192834E1
1.650945380E2	-4.948034381E1
1.652043352E2	-4.931585739E1
1.653112350E2	-4.837840874E1
1.654168042E2	-4.856364916E1
1.655278282E2	-4.960796777E1
1.656399295E2	-4.889272344E1
1.657591343E2	-4.805801156E1
1.658848422E2	-4.844999176E1
1.659945761E2	-4.909080797E1
1.661048618E2	-4.861989014E1
1.662112179E2	-4.865452125E1
1.663232995E2	-4.885777690E1
1.664287597E2	-4.881193468E1
1.665342645E2	-4.911561259E1
1.666446213E2	-4.913170071E1
1.667539998E2	-4.863704112E1
1.668610735E2	-4.832042485E1
1.669651978E2	-4.804669644E1
1.670766581E2	-4.906818687E1
1.671848680E2	-4.884846320E1
1.672946280E2	-4.904709246E1
1.674047516E2	-4.850296757E1
1.675240572E2	-4.909880644E1
1.676352396E2	-4.926248798E1
1.677447132E2	-4.831224744E1
1.678548532E2	-4.683603253E1
1.679613023E2	-4.621223758E1
1.680687726E2	-4.649955145E1
1.681781835E2	-4.694358096E1
1.682901501E2	-4.526674245E1
1.683994259E2	-4.436374766E1
1.685092570E2	-4.666469025E1
1.686116295E2	-4.690351055E1
1.687159822E2	-4.615691200E1
1.688358676E2	-4.593149607E1
1.689446844E2	-4.615936285E1
1.690556200E2	-4.693254284E1
1.691660370E2	-4.671005054E1
1.692772231E2	-4.678718140E1
1.693897392E2	-4.785034378E1
1.694948750E2	-4.629656448E1
1.696102714E2	-4.779217074E1
1.697139942E2	-4.686970807E1
1.698243818E2	-4.719985975E1
1.699360593E2	-4.648601413E1
1.700466610E2	-4.677577868E1
1.701580503E2	-4.678410249E1
1.702683785E2	-4.741587240E1
1.703780822E2	-4.665950257E1
1.704851981E2	-4.637015469E1
1.705949090E2	-4.584698355E1
1.707048619E2	-4.589868933E1
1.708115306E2	-4.575666807E1
1.709212712E2	-4.676303904E1
1.710281871E2	-4.639077859E1
1.711347733E2	-4.497452568E1
1.712447889E2	-4.487852896E1
1.713627028E2	-4.524073577E1
1.714863495E2	-4.528497762E1
1.715949974E2	-4.482118939E1
1.717049305E2	-4.494989885E1
1.718116421E2	-4.427664982E1
1.719150391E2	-4.523713641E1
1.720249221E2	-4.753314755E1
1.721357492E2	-4.729504081E1
1.722472106E2	-4.805076784E1
1.723587089E2	-4.772197749E1
1.724676328E2	-4.864316716E1
1.725704184E2	-4.742189641E1
1.726909834E2	-4.711555630E1
1.727995803E2	-4.705370094E1
1.729125296E2	-4.776171474E1
1.730197433E2	-4.752667872E1
1.731285763E2	-4.944311001E1
1.732365458E2	-5.004659606E1
1.733403691E2	NaN
1.734627036E2	-5.194737561E1
1.735746607E2	-5.191694212E1
1.736783790E2	-5.301210856E1
1.737878225E2	-5.342570456E1
1.738955485E2	-5.277960728E1
1.740077321E2	-5.182445879E1
1.741116922E2	-5.302245132E1
1.742188136E2	-5.355328916E1
1.743282927E2	-5.310375523E1
1.744359533E2	-5.309800717E1
1.745402171E2	-5.364889441E1
1.746516896E2	-5.483706474E1
1.747746775E2	-5.466907626E1
1.748783172E2	-5.534974520E1
1.749854156E2	-5.488977413E1
1.750893817E2	-5.423673606E1
1.752046852E2	-5.315744213E1
1.753151619E2	-5.391023450E1
1.754257315E2	-5.246324996E1
1.755334027E2	-5.268284255E1
1.756451522E2	-5.244287949E1
1.757568753E2	-5.201307459E1
1.758642699E2	-5.262096803E1
1.759755628E2	-5.140315743E1
1.760815938E2	-5.327910432E1
1.761913970E2	-5.369307470E1
1.763000860E2	-5.291077734E1
1.764124959E2	-5.310463936E1
1.765241503E2	-4.903539848E1
1.766286462E2	-5.115596122E1
1.767333997E2	-4.888135798E1
1.768412633E2	-4.428398254E1
1.769501177E2	-4.479778570E1
1.770619021E2	-4.357125956E1
1.771688085E2	-4.438854666E1
1.772714900E2	-4.373790053E1
1.773913902E2	-4.155911136E1
1.775003834E2	-4.075269834E1
1.776143570E2	-4.165209166E1
1.777247908E2	-4.297607359E1
1.778300781E2	-4.353136241E1
1.779413458E2	-4.438087297E1
1.780451692E2	-4.290766545E1
1.781547635E2	-4.415479463E1
1.782619574E2	-4.492700394E1
1.783694308E2	-4.957758793E1
1.784787345E2	-4.734732068E1
1.785880607E2	-4.445101889E1
1.786953004E2	-4.591261222E1
1.788087575E2	-4.780420685E1
1.789182603E2	-4.775218826E1
1.790216677E2	-4.650808450E1
1.791415162E2	-4.454818638E1
1.792503640E2	-4.424789905E1
1.793620414E2	-4.529273588E1
1.794739687E2	-4.519783610E1
1.795786372E2	-4.546020023E1
1.796901743E2	-4.464353755E1
1.797958103E2	-4.467729373E1
1.799048601E2	-4.430944904E1
1.800120025E2	-4.362770217E1
1.801236918E2	-4.312529841E1
1.802287689E2	-4.329664461E1
1.803382879E2	-4.343030908E1
1.804504017E2	-4.248355930E1
1.805621280E2	-4.203077340E1
1.806654346E2	-4.309146359E1
1.807746089E2	-4.212847553E1
1.808838058E2	-4.379608495E1
1.809954043E2	-4.285987443E1
1.811065012E2	-4.237171359E1
1.812288553E2	-4.113935254E1
1.813365097E2	-4.364675047E1
1.814456687E2	-4.394550028E1
1.815546610E2	-4.422586287E1
1.816622698E2	-4.456443272E1
1.817715260E2	-4.496115827E1
1.818742230E2	-4.354950893E1
1.819856075E2	-4.586838309E1
1.821052111E2	-4.486316136E1
1.822076473E2	-4.554302054E1
1.823281140E2	-4.565712800E1
1.824365973E2	-4.387349994E1
1.825465507E2	-4.584665685E1
1.826579536E2	-4.622118431E1
1.827624800E2	-4.514600462E1
1.828728803E2	-4.356112491E1
1.829871048E2	-4.259037650E1
1.830955128E2	-4.077983088E1
1.832078395E2	-4.110676634E1
1.833138084E2	-4.407130993E1
1.834257592E2	-4.210871599E1
1.835354785E2	-4.185148472E1
1.836376562E2	-4.364604363E1
1.837584560E2	-4.318456243E1
1.838652265E2	-4.190912455E1
1.839764155E2	-4.260758805E1
1.840891315E2	-4.253454212E1
1.841956317E2	-4.058822114E1
1.843060276E2	-4.237314094E1
1.844125346E2	-4.177580063E1
1.845217940E2	-4.259919032E1
1.846241318E2	-4.289367589E1
1.847458196E2	-4.154588887E1
1.848548126E2	-4.196556784E1
1.849623596E2	-4.347669326E1
1.850733103E2	-4.324229177E1
1.851847380E2	-4.482061620E1
1.852955440E2	-4.616984725E1
1.854071197E2	-4.652291818E1
1.855177182E2	-4.670349390E1
1.856336252E2	-4.583684802E1
1.857447601E2	-4.675390262E1
1.858566557E2	-4.794005624E1
1.859625239E2	-4.722533479E1
1.860651661E2	-4.899150630E1
1.861757850E2	-4.678557272E1
1.862791954E2	-4.799351587E1
1.863879785E2	-4.280352980E1
1.864908580E2	-4.202491622E1
1.866016152E2	-4.307165643E1
1.867152455E2	-4.342533292E1
1.868248464E2	-4.354466448E1
1.869370349E2	-4.299108730E1
1.870474712E2	-4.285168668E1
1.871589488E2	-4.346218641E1
1.872648685E2	-4.400480100E1
1.873748632E2	-4.561956320E1
1.874845472E2	-4.705739070E1
1.875960254E2	-4.460349563E1
1.877078907E2	-4.300933187E1
1.878125072E2	-4.503459334E1
1.879174149E2	-4.667527535E1
1.880269597E2	-4.554072416E1
1.881351271E2	-4.611355775E1
1.882458085E2	-4.661687409E1
1.883548520E2	-4.711853382E1
1.884644618E2	-4.679064282E1
1.885718005E2	-4.565913852E1
1.886740654E2	-4.722781904E1
1.887960808E2	-4.725691332E1
1.889048627E2	-4.768363783E1
1.890126974E2	-4.535935160E1
1.891249033E2	-4.263997914E1
1.892460620E2	-4.355407389E1
1.893583185E2	-4.255067373E1
1.894625570E2	-4.294173354E1
1.895743569E2	-4.328639823E1
1.896793076E2	-4.345927656E1
1.897879704E2	-4.348110257E1
1.899089119E2	-4.363650834E1
1.900181990E2	-4.313556497E1
1.901301975E2	-4.380845105E1
1.902414247E2	-4.250713362E1
1.903461285E2	-4.344848204E1
1.904545287E2	-4.373913956E1
1.905748620E2	-4.196299878E1
1.906853946E2	-4.477364403E1
1.907959900E2	-4.354668471E1
1.909075677E2	-4.544108078E1
1.910128563E2	-4.513826761E1
1.911248678E2	-4.678272450E1
1.912293442E2	-4.826233068E1
1.913374867E2	-4.610575154E1
1.914485942E2	-4.540108443E1
1.915584255E2	-4.637827511E1
1.916628497E2	-4.699587567E1
1.917723694E2	-4.878029572E1
1.918830139E2	-4.802065728E1
1.919939451E2	-4.574352023E1
1.921028432E2	-4.776808383E1
1.922150305E2	-4.823837092E1
1.923264890E2	-4.801492295E1
1.924374524E2	-4.841344789E1
1.925460851E2	-4.781362896E1
1.926577234E2	-4.817418379E1
1.927639117E2	-4.775958997E1
1.928748559E2	-4.325345751E1
1.929847723E2	-4.250642842E1
1.930883209E2	-4.410863108E1
1.932058962E2	-4.343162489E1
1.933144338E2	-4.270279355E1
1.934178115E2	-4.300239255E1
1.935310584E2	-4.312437013E1
1.936424506E2	-4.266477159E1
1.937462484E2	-4.466305018E1
1.938548650E2	-4.429157799E1
1.939653082E2	-4.528820610E1
1.940762716E2	-4.608641264E1
1.941872457E2	-4.756276987E1
1.942979683E2	-4.489377331E1
1.944091108E2	-4.633071129E1
1.945134744E2	-4.616485640E1
1.946248647E2	-4.544080931E1
1.947382168E2	-4.691009624E1
1.948480930E2	-4.826749671E1
1.949560160E2	-4.743816448E1
1.950646227E2	-4.871408801E1
1.951758217E2	-4.775689783E1
1.952814030E2	-4.843080771E1
1.953929437E2	-5.033403451E1
1.955010745E2	-5.094441483E1
1.956092307E2	-4.667493821E1
1.957176550E2	-4.897215843E1
1.958298377E2	-4.659618231E1
1.959361585E2	-5.019806874E1
1.960464810E2	-4.988905082E1
1.961547443E2	-4.819359541E1
1.962640162E2	-4.999843814E1
1.963848728E2	-4.881442231E1
1.964966060E2	-4.895094433E1
1.966089218E2	-4.588580542E1
1.967153265E2	-4.662261058E1
1.968248719E2	-5.030098588E1
1.969359667E2	-5.183324869E1
1.970465872E2	-4.895712871E1
1.971548434E2	-4.742080832E1
1.972640631E2	-4.802099667E1
1.973755901E2	-4.995920349E1
1.974873007E2	-4.830529770E1
1.975965486E2	-4.856578898E1
1.977057858E2	-4.706341452E1
1.978134530E2	-4.942865444E1
1.979168458E2	-4.634018818E1
1.980354864E2	-4.916589151E1
1.981466612E2	-4.908965426E1
1.982582787E2	-5.172312183E1
1.983645642E2	-4.792432399E1
1.984681390E2	-4.899690321E1
1.985843170E2	-4.733514827E1
1.986957154E2	-4.893842288E1
1.988019305E2	-4.827363160E1
1.989133941E2	-4.869583551E1
1.990257994E2	-5.130239122E1
1.991420663E2	-5.040473332E1
1.992564591E2	-4.692575769E1
1.993633351E2	-4.679270887E1
1.994771039E2	-4.504428929E1
1.995909540E2	-4.519526881E1
1.996975593E2	-4.493505593E1
1.998096180E2	-4.480201886E1
1.999133915E2	-4.536675505E1
2.000245445E2	-4.610843326E1
2.001316479E2	-4.753579633E1
2.002356361E2	-4.670801631E1
2.003519830E2	-4.822605954E1
2.004552093E2	-4.904490862E1
2.005748680E2	-4.896793580E1
2.006800973E2	-4.718417150E1
2.007906948E2	-4.732594863E1
2.008967109E2	-4.860057250E1
2.010048644E2	-4.959135767E1
2.011147511E2	-4.921014524E1
2.012241900E2	-4.876853466E1
2.013352412E2	-4.968749220E1
2.014385122E2	-4.912032006E1
2.015564770E2	-4.801163915E1
2.016585773E2	-4.772050347E1
2.017786372E2	-4.780899649E1
2.018873843E2	-4.977701930E1
2.019899609E2	-4.840687559E1
2.021084647E2	-4.849056304E1
2.022180504E2	-4.813192655E1
2.023265435E2	-4.904253398E1
2.024365967E2	-4.919751131E1
2.025410199E2	-4.633680214E1
2.026652607E2	-4.735313123E1
2.027763550E2	-4.591188086E1
2.028877009E2	-4.783974230E1
2.029970130E2	-4.688921891E1
2.031037955E2	-4.862661561E1
2.032134740E2	-4.829558959E1
2.033248645E2	-4.652566072E1
2.034377357E2	-4.724019448E1
2.035470132E2	-4.738583350E1
2.036597756E2	-4.768693894E1
2.037636652E2	-4.674448721E1
2.038731533E2	-4.798891237E1
2.039843630E2	-4.660863482E1
2.040947940E2	-4.823940018E1
2.042049356E2	-4.734241792E1
2.043138405E2	-4.923162898E1
2.044231459E2	-5.076669627E1
2.045302402E2	-4.775884517E1
2.046502686E2	-4.668838389E1
2.047748553E2	-4.518083702E1
2.048804147E2	-4.595206821E1
2.049905065E2	-4.595101600E1
2.051005676E2	-4.724064505E1
2.052041259E2	-4.972104057E1
2.053142432E2	-4.980342920E1
2.054257086E2	-4.656448986E1
2.055471805E2	-4.601223141E1
2.056551987E2	-4.565841035E1
2.057638742E2	-4.625523204E1
2.058731481E2	-4.745026461E1
2.059835619E2	-5.047133421E1
2.060948595E2	-4.707858024E1
2.062043247E2	-4.498615914E1
2.063139687E2	-4.932571380E1
2.064244442E2	-5.028109170E1
2.065354543E2	-4.733565874E1
2.066478395E2	-4.610502992E1
2.067592361E2	-4.436168986E1
2.068638919E2	-5.047968159E1
2.069726653E2	-4.877704949E1
2.070753070E2	-4.749540273E1
2.071840085E2	-4.518881564E1
2.072995286E2	-4.640266651E1
2.074035128E2	-4.561501670E1
2.075269454E2	-4.781989301E1
2.076354070E2	-4.604928972E1
2.077450952E2	-4.505147254E1
2.078539089E2	-4.663468052E1
2.079650952E2	-4.586136318E1
2.080747286E2	-4.509241736E1
2.081851957E2	-4.571430101E1
2.082962971E2	-4.577690355E1
2.084048592E2	-4.410278085E1
2.085140666E2	-4.465619983E1
2.086251680E2	-4.523584424E1
2.087306166E2	-4.736215272E1
2.088384192E2	-4.833600210E1
2.089471575E2	-4.748529448E1
2.090587314E2	-4.625413827E1
2.091658786E2	-4.584173300E1
2.092772640E2	-4.704319128E1
2.093877723E2	-4.921468792E1
2.094972097E2	-4.710426686E1
2.096068267E2	-4.667700863E1
2.097170045E2	-4.690437614E1
2.098267408E2	-4.582034406E1
2.099362330E2	-4.590115268E1
2.100473212E2	-4.652849165E1
2.101589415E2	-4.502284036E1
2.102640015E2	-4.617100179E1
2.103748423E2	-4.430501984E1
2.104960656E2	-4.531814942E1
2.106071336E2	-4.602831063E1
2.107164044E2	-4.591074113E1
2.108268381E2	-4.588689646E1
2.109376605E2	-4.438127851E1
2.110475347E2	-4.190786599E1
2.111553119E2	-4.173600858E1
2.112641887E2	-4.241844140E1
2.113773206E2	-4.394815664E1
2.114859111E2	-4.607912140E1
2.115974833E2	-4.675167429E1
2.117048549E2	-4.530475219E1
2.118149782E2	-4.612417316E1
2.119248790E2	-4.641169538E1
2.120316410E2	-4.476332498E1
2.121427695E2	-4.522388610E1
2.122490305E2	-4.362121323E1
2.123556046E2	-4.236671140E1
2.124587793E2	-4.345978109E1
2.125787425E2	-4.354112548E1
2.126891701E2	-4.475027310E1
2.127975655E2	-4.406092840E1
2.129068270E2	-4.521323240E1
2.130103716E2	-4.415191090E1
2.131310431E2	-4.390321228E1
2.132421717E2	-4.386605273E1
2.133507935E2	-4.456387408E1
2.134603543E2	-4.348714331E1
2.135645067E2	-4.315836516E1
2.136748899E2	-4.324415235E1
2.137814706E2	-4.312768993E1
2.138928581E2	-4.338380435E1
2.140053381E2	-4.397549941E1
2.141149016E2	-4.257328801E1
2.142261038E2	-4.444994675E1
2.143352218E2	-4.433778488E1
2.144454807E2	-4.356336011E1
2.145558003E2	-4.307167358E1
2.146644151E2	-4.357265872E1
2.147747583E2	-4.319023289E1
2.148847993E2	-4.414542267E1
2.149960145E2	-4.606890248E1
2.151093200E2	-4.534096648E1
2.152143386E2	-4.485656256E1
2.153257914E2	-4.471420588E1
2.154312708E2	-4.548900870E1
2.155353716E2	-4.387824162E1
2.156425405E2	-4.590183005E1
2.157572116E2	-4.616979268E1
2.158654703E2	-4.627288141E1
2.159779183E2	-4.369541228E1
2.160849483E2	-4.549617840E1
2.161961377E2	-4.514349776E1
2.163105380E2	-4.707333409E1
2.164197080E2	-4.601025215E1
2.165314174E2	-4.724851420E1
2.166551575E2	-4.781594791E1
2.167645389E2	-4.725558390E1
2.168735103E2	-4.677073625E1
2.169810747E2	-4.716771852E1
2.170916935E2	-4.670026767E1
2.172021126E2	-4.758242160E1
2.173148411E2	-4.746813636E1
2.174248705E2	-4.714304432E1
2.175312278E2	-4.841031048E1
2.176431344E2	-4.364296435E1
2.177479184E2	-4.179802048E1
2.178555461E2	-4.303426215E1
2.179586481E2	-4.422016591E1
2.180686255E2	-4.251930660E1
2.181874719E2	-4.242397705E1
2.182977845E2	-4.307562101E1
2.184039149E2	-4.221581077E1
2.185077290E2	-4.434518414E1
2.186275102E2	-4.521268227E1
2.187382215E2	-4.519812976E1
2.188478057E2	-4.566708916E1
2.189562791E2	-4.609009973E1
2.190701455E2	-4.683937783E1
2.191811640E2	-4.703685782E1
2.192848016E2	-4.789840681E1
2.193939277E2	-4.833858378E1
2.194998187E2	-4.727577978E1
2.196112236E2	-4.534937542E1
2.197177937E2	-4.990735198E1
2.198334014E2	-4.719153623E1
2.199454722E2	-5.021774507E1
2.200598668E2	-4.779883944E1
2.201799708E2	-4.637566484E1
2.202914975E2	-4.727320228E1
2.203990009E2	-4.765805818E1
2.205085140E2	-4.768990389E1
2.206226754E2	-4.766808156E1
2.207314268E2	-4.828638499E1
2.208436020E2	-4.586378643E1
2.209481117E2	-4.726163854E1
2.210575775E2	-4.885874734E1
2.211600632E2	-4.807915638E1
2.212794797E2	-4.713467846E1
2.213836538E2	-4.685850002E1
2.214924949E2	-4.785505477E1
2.216018483E2	-4.690323784E1
2.217108416E2	-4.690129195E1
2.218188176E2	-4.671077952E1
2.219253082E2	-4.732116188E1
2.220328038E2	-4.739006121E1
2.221442453E2	-4.761947517E1
2.222481516E2	-4.699132769E1
2.223563393E2	-4.699480480E1
2.224599461E2	-4.746457199E1
2.225770881E2	-4.608712890E1
2.226854915E2	-4.607539198E1
2.227941911E2	-4.506921397E1
2.229057734E2	-4.541418349E1
2.230149715E2	-4.470220446E1
2.231247696E2	-4.311691297E1
2.232314583E2	-4.266572951E1
2.233406505E2	-4.164495656E1
2.234520205E2	-4.221365365E1
2.235649445E2	-4.271002924E1
2.236777227E2	-4.251875971E1
2.237815943E2	-4.258535900E1
2.238931630E2	-4.374928307E1
2.239981935E2	-4.325672039E1
2.241074805E2	-4.320225832E1
2.242101502E2	-4.321134351E1
2.243201223E2	-4.387557354E1
2.244378373E2	-4.341704796E1
2.245483337E2	-4.509407835E1
2.246548570E2	-4.461283905E1
2.247650540E2	-4.449501890E1
2.248753188E2	-4.616221195E1
2.249827040E2	-4.684082042E1
2.250864907E2	-4.355114618E1
2.252021985E2	-4.584703633E1
2.253043054E2	-4.379389107E1
2.254188760E2	-4.491170653E1
2.255277350E2	-4.511921656E1
2.256353974E2	-4.335674729E1
2.257466075E2	-4.229996529E1
2.258509695E2	-4.678604566E1
2.259621186E2	-4.345005784E1
2.260699063E2	-4.338720714E1
2.261734315E2	-4.223836630E1
2.262925736E2	-4.365143993E1
2.264058744E2	-4.270722564E1
2.265152039E2	-4.371097554E1
2.266248692E2	-4.191556537E1
2.267318145E2	-4.308678514E1
2.268430314E2	-4.238637412E1
2.269504812E2	-4.329724925E1
2.270592567E2	-4.174068076E1
2.271699847E2	-4.338756389E1
2.272818444E2	-4.239399522E1
2.273952486E2	-4.214819910E1
2.274983939E2	-4.312427458E1
2.276082940E2	-4.509741431E1
2.277196780E2	-4.234891464E1
2.278279097E2	-4.361658186E1
2.279331252E2	-4.548307520E1
2.280446207E2	-4.543799671E1
2.281539143E2	-4.423712315E1
2.282652753E2	-4.457620172E1
2.283738520E2	-4.544458921E1
2.284865205E2	-4.688376855E1
2.285947618E2	-4.706648450E1
2.287060883E2	-4.251777122E1
2.288152363E2	-4.406513155E1
2.289248631E2	-4.239438397E1
2.290329170E2	-4.018737364E1
2.291448020E2	-4.270692103E1
2.292484856E2	-4.257256108E1
2.293554882E2	-4.104072249E1
2.294594790E2	-4.286333597E1
2.295846188E2	-4.449088989E1
2.296926220E2	-4.619407307E1
2.298064407E2	-4.584336733E1
2.299153573E2	-4.208578406E1
2.300248697E2	-4.627414590E1
2.301321140E2	-4.242711867E1
2.302445287E2	-4.284145271E1
2.303537878E2	-4.222284483E1
2.304672669E2	-4.355141462E1
2.305782749E2	-4.270831463E1
2.306854851E2	-4.226046772E1
2.307948596E2	-4.155316294E1
2.309049257E2	-4.080527742E1
2.310154937E2	-4.180910627E1
2.311247726E2	-4.244182415E1
2.312321130E2	-4.339165780E1
2.313445946E2	-4.345592373E1
2.314486606E2	-4.406113427E1
2.315547727E2	-4.757466947E1
2.316662098E2	-4.561386992E1
2.317764375E2	-4.506069215E1
2.318918093E2	-4.642231867E1
2.320018380E2	-4.341452509E1
2.321133159E2	-4.285633550E1
2.322190694E2	-4.434541682E1
2.323237633E2	-4.475851550E1
2.324321365E2	-4.454071812E1
2.325363089E2	-4.274531992E1
2.326548380E2	-4.324615947E1
2.327656043E2	-4.357400493E1
2.328724078E2	-4.225263584E1
2.329842406E2	-4.320866288E1
2.330950866E2	-4.267779104E1
2.332056517E2	-4.267573790E1
2.333154396E2	-4.266784658E1
2.334287638E2	-4.282034221E1
2.335350987E2	-4.169916300E1
2.336428898E2	-4.258363520E1
2.337535305E2	-4.303634185E1
2.338645779E2	-4.318522207E1
2.339767385E2	-4.582686049E1
2.340822512E2	-4.448576675E1
2.341858356E2	-4.428924404E1
2.342928760E2	-4.338014565E1
2.344028677E2	-4.401966121E1
2.345117365E2	-4.474796555E1
2.346170952E2	-4.566331421E1
2.347282084E2	-4.500568398E1
2.348327821E2	-4.627648678E1
2.349424152E2	-4.438832125E1
2.350564613E2	-4.349599210E1
2.351674645E2	-4.532703941E1
2.352783769E2	-4.420357010E1
2.353826324E2	-4.447574932E1
2.354918863E2	-4.687687282E1
2.355989576E2	-4.479197723E1
2.357059988E2	-4.528744118E1
2.358096149E2	-4.376280630E1
2.359209686E2	-4.338122966E1
2.360401440E2	-4.475175000E1
2.361492063E2	-4.516714827E1
2.362606493E2	-4.402995514E1
2.363675600E2	-4.535269350E1
2.364785590E2	-4.381955593E1
2.365846228E2	-4.456806847E1
2.366870714E2	-4.582855121E1
2.368070359E2	-4.543421008E1
2.369175976E2	-4.383853664E1
2.370197410E2	-4.514057448E1
2.371233572E2	-4.543273369E1
2.372441198E2	-4.584207075E1
2.373544749E2	-4.664731693E1
2.374658847E2	-4.691743891E1
2.375782443E2	-4.580057965E1
2.376854522E2	-4.765481207E1
2.377948505E2	-4.397157706E1
2.379044318E2	-4.668410198E1
2.380157448E2	-4.305400243E1
2.381248715E2	-4.341441173E1
2.382367940E2	-4.491184203E1
2.383439080E2	-4.545162877E1
2.384554489E2	-4.501641853E1
2.385660533E2	-4.418310889E1
2.386748600E2	-4.623653267E1
2.387825827E2	-4.431100164E1
2.388949557E2	-4.435202893E1
2.389991721E2	-4.710790818E1
2.391048996E2	-4.399265649E1
2.392158644E2	-4.617144914E1
2.393326881E2	-4.382868264E1
2.394433530E2	-4.568872633E1
2.395538975E2	-4.477660757E1
2.396652377E2	-4.543239613E1
2.397718225E2	-4.561676638E1
2.398829722E2	-4.513214319E1
2.399953970E2	-4.735968208E1
2.400994283E2	-4.591245811E1
2.402048553E2	-4.781680116E1
2.403160336E2	-4.818457040E1
2.404249427E2	-5.086379588E1
2.405327697E2	-4.940180039E1
2.406448897E2	-5.116744221E1
2.407491994E2	-5.130033742E1
2.408547914E2	-4.895117449E1
2.409659991E2	-4.747595446E1
2.410762119E2	-4.705684694E1
2.411873612E2	-4.893811732E1
2.412955388E2	-4.599819533E1
2.413993029E2	-4.527555199E1
2.415102866E2	-4.703316691E1
2.416206723E2	-4.739695160E1
2.417320905E2	-4.609899702E1
2.418399141E2	-4.514533046E1
2.419435789E2	-4.793419614E1
2.420543783E2	-4.793460009E1
2.421652870E2	-4.733056262E1
2.422787725E2	-4.781138607E1
2.423849842E2	-4.844029876E1
2.424922541E2	-4.762226960E1
2.426036166E2	-4.677634952E1
2.427140590E2	-4.773369405E1
2.428264095E2	-4.737587729E1
2.429352636E2	-4.725325231E1
2.430464236E2	-4.692812167E1
2.431545111E2	-4.802674351E1
2.432650405E2	-4.727681496E1
2.433771515E2	-4.787967826E1
2.434847680E2	-4.666774484E1
2.435910767E2	-4.674766724E1
2.436940430E2	-4.679061169E1
2.438162863E2	-4.467647108E1
2.439248475E2	-4.732208689E1
2.440329437E2	-4.694218006E1
2.441448065E2	-4.806906691E1
2.442494884E2	-4.570155177E1
2.443598455E2	-4.337885428E1
2.444661979E2	-4.525275449E1
2.445747842E2	-4.379937097E1
2.446828814E2	-4.459142500E1
2.447863990E2	-4.365257886E1
2.449075481E2	-4.377082951E1
2.450162486E2	-4.376516344E1
2.451269150E2	-4.467935858E1
2.452337155E2	-4.406254294E1
2.453425475E2	-4.489159029E1
2.454516361E2	-4.464710081E1
2.455546427E2	-4.494774882E1
2.456683612E2	-4.451212361E1
2.457716204E2	-4.393811129E1
2.458838944E2	-4.491476354E1
2.460071681E2	-4.386983482E1
2.461163538E2	-4.313897140E1
2.462255064E2	-4.491037549E1
2.463334848E2	-4.358185529E1
2.464446512E2	-4.319469659E1
2.465541533E2	-4.331793213E1
2.466655648E2	-4.377612377E1
2.467713981E2	-4.379516318E1
2.468746036E2	-4.425648143E1
2.469945574E2	-4.434040991E1
2.470997188E2	-4.474892385E1
2.472112116E2	-4.551209494E1
2.473180107E2	-4.548103360E1
2.474294248E2	-4.459314101E1
2.475371469E2	-4.575172678E1
2.476510613E2	-4.449265627E1
2.477625590E2	-4.428476497E1
2.478664515E2	-4.301079676E1
2.479781297E2	-4.399751675E1
2.480858706E2	-4.367890491E1
2.481960945E2	-4.328072035E1
2.482999502E2	-4.408603211E1
2.484118568E2	-4.443761877E1
2.485237458E2	-4.321080125E1
2.486331176E2	-4.500795825E1
2.487448689E2	-4.424644830E1
2.488573442E2	-4.395797127E1
2.489678580E2	-4.277806560E1
2.490774041E2	-4.485331069E1
2.491851874E2	-4.429760029E1
2.492960854E2	-4.320822953E1
2.494064740E2	-4.256081071E1
2.495167654E2	-4.327749379E1
2.496220096E2	-4.537055453E1
2.497332892E2	-4.785612641E1
2.498436391E2	-5.081976094E1
2.499499645E2	-4.926785297E1
2.500554543E2	-5.101485601E1
2.501665193E2	-4.969823412E1
2.502765066E2	-4.957217835E1
2.503875863E2	-4.881682247E1
2.504975651E2	-4.853554999E1
2.506071026E2	-4.926226775E1
2.507166620E2	-4.741156151E1
2.508262415E2	-4.760976098E1
2.509368760E2	-4.888804741E1
2.510476090E2	-4.612311118E1
2.511532520E2	-4.461762545E1
2.512628159E2	-4.557271810E1
2.513738545E2	-4.626564707E1
2.514844047E2	-4.252723401E1
2.515933234E2	-4.081145456E1
2.517001074E2	-4.100152032E1
2.518120380E2	-4.151588491E1
2.519211890E2	-4.115212507E1
2.520294983E2	-4.186284596E1
2.521342883E2	-4.286129187E1
2.522456940E2	-4.275576507E1
2.523501041E2	-4.343846797E1
2.524591550E2	-4.261951472E1
2.525730988E2	-4.233152251E1
2.526834163E2	-4.395282188E1
2.527956464E2	-4.716419374E1
2.529167090E2	-4.773961021E1
2.530248657E2	-4.770723177E1
2.531386120E2	-4.698476947E1
2.532501091E2	-4.694850365E1
2.533600756E2	-4.427082939E1
2.534669823E2	-4.167515355E1
2.535796764E2	-4.180447633E1
2.536847122E2	-4.271956196E1
2.537941585E2	-4.367614270E1
2.538973298E2	-4.362508987E1
2.540169606E2	-4.342381783E1
2.541241207E2	-4.371827301E1
2.542352276E2	-4.521732504E1
2.543450515E2	-4.521287701E1
2.544601840E2	-4.376657051E1
2.545668930E2	-4.267040589E1
2.546770487E2	-4.493692075E1
2.547859981E2	-4.415130891E1
2.548973150E2	-4.650503227E1
2.550045531E2	-4.570639272E1
2.551125571E2	-4.543719004E1
2.552195429E2	-4.506121321E1
2.553238380E2	-4.533163314E1
2.554398801E2	-4.843559025E1
2.555502175E2	-4.625148269E1
2.556547679E2	-4.800763287E1
2.557630241E2	-4.460352788E1
2.558710793E2	-4.333538861E1
2.559805832E2	-4.383728455E1
2.560877164E2	-4.385302489E1
2.561897859E2	-4.357749569E1
2.562995422E2	-4.307783824E1
2.564226490E2	-4.472057566E1
2.565260669E2	-4.433590805E1
2.566474533E2	-4.292916530E1
2.567555261E2	-4.418371107E1
2.568662727E2	-4.401483717E1
2.569749833E2	-4.497163673E1
2.570787580E2	-4.954570996E1
2.571947325E2	-5.140660545E1
2.572974648E2	-5.263695331E1
2.574145781E2	-5.068775880E1
2.575251092E2	-5.092127423E1
2.576355761E2	-4.983164175E1
2.577453621E2	-4.843840989E1
2.578545719E2	-4.734594267E1
2.579648553E2	-4.722679469E1
2.580710014E2	-4.821790938E1
2.581734980E2	-4.964456445E1
2.582934177E2	-4.944090122E1
2.584005428E2	-4.938049040E1
2.585124230E2	-4.836169851E1
2.586171929E2	-4.749456838E1
2.587330205E2	-4.513868252E1
2.588438940E2	-4.276276373E1
2.589618212E2	-4.228052595E1
2.590717919E2	-4.219725265E1
2.591805041E2	-4.231148872E1
2.592947122E2	-4.208249376E1
2.594005685E2	-4.183162989E1
2.595124935E2	-4.243896513E1
2.596182975E2	-4.375946507E1
2.597285718E2	-4.435733722E1
2.598357987E2	-4.399061349E1
2.599476440E2	-4.576553596E1
2.600557149E2	-5.017064332E1
2.601664881E2	-4.741100710E1
2.602786172E2	-4.915624964E1
2.603841172E2	-4.926443090E1
2.604947695E2	-5.219042579E1
2.606005894E2	-5.079500158E1
2.607047762E2	-4.924417160E1
2.608091230E2	-4.840376038E1
2.609117175E2	-5.086008849E1
2.610213350E2	-4.882328535E1
2.611439571E2	-4.739112306E1
2.612505387E2	-4.774442641E1
2.613611091E2	-4.753780665E1
2.614726176E2	-4.675409758E1
2.615755523E2	-4.660030321E1
2.616956396E2	-4.508040320E1
2.618006493E2	-4.958141290E1
2.619122499E2	-4.902282487E1
2.620172498E2	-4.961807756E1
2.621241314E2	-4.967787053E1
2.622341984E2	-4.923940101E1
2.623392515E2	-5.095140871E1
2.624524716E2	-4.866359519E1
2.625636199E2	-4.920378532E1
2.626689867E2	-4.949517119E1
2.627804906E2	-4.976123412E1
2.628863009E2	-4.936477778E1
2.629948984E2	-4.931383900E1
2.630979742E2	-4.757661399E1
2.632189152E2	-4.716979373E1
2.633302925E2	-4.418816534E1
2.634364705E2	-4.495738507E1
2.635468690E2	-4.365859365E1
2.636549472E2	-4.308086014E1
2.637661639E2	-4.315594483E1
2.638784854E2	-4.216422968E1
2.639842547E2	-4.264791328E1
2.640919456E2	-4.218918178E1
2.642012138E2	-4.150819638E1
2.643106666E2	-4.113295460E1
2.644221071E2	-4.232763245E1
2.645260351E2	-4.318075251E1
2.646451722E2	-4.356222219E1
2.647553239E2	-4.445329635E1
2.648674462E2	-4.455433651E1
2.649796225E2	-4.375628609E1
2.650859376E2	-4.347597678E1
2.651949295E2	-4.300979141E1
2.653039466E2	-4.335507043E1
2.654153910E2	-4.354242944E1
2.655199227E2	-4.309196376E1
2.656238108E2	-4.452567495E1
2.657331980E2	-4.307164559E1
2.658508787E2	-4.347902951E1
2.659539993E2	-4.343140697E1
2.660692841E2	-4.266601613E1
2.661734880E2	-4.354570756E1
2.662941672E2	-4.609126356E1
2.664037987E2	-4.565826917E1
2.665152822E2	-4.457620751E1
2.666197060E2	-4.615797208E1
2.667304391E2	-4.550287403E1
2.668373801E2	-4.511900989E1
2.669452660E2	-4.649549123E1
2.670558365E2	-4.733880510E1
2.671645488E2	-4.858214837E1
2.672720977E2	-4.757671448E1
2.673828357E2	-4.915969069E1
2.674894068E2	-4.832320701E1
2.676011502E2	-4.682979483E1
2.677134226E2	-4.866251812E1
2.678210746E2	-4.806302565E1
2.679305118E2	-5.033772160E1
2.680369515E2	-5.175525217E1
2.681398877E2	-5.049667809E1
2.682611919E2	-5.300742051E1
2.683731922E2	-5.041365321E1
2.684845523E2	-4.892649285E1
2.685931470E2	-5.013242177E1
2.687011969E2	-5.151935274E1
2.688064191E2	-4.967852711E1
2.689190647E2	-5.152854621E1
2.690306785E2	-5.012733864E1
2.691345320E2	-4.992197071E1
2.692461084E2	-5.004828953E1
2.693512141E2	-4.928288923E1
2.694631640E2	-5.016477410E1
2.695710002E2	-4.987496846E1
2.696810810E2	-5.060842063E1
2.697861267E2	-4.944071628E1
2.698975361E2	-4.934129550E1
2.700078225E2	-4.881527719E1
2.701180171E2	-4.859179087E1
2.702301373E2	-4.485944869E1
2.703347245E2	-4.583205278E1
2.704441639E2	-4.407355673E1
2.705551128E2	-4.338722542E1
2.706643827E2	-4.415202985E1
2.707730137E2	-4.382709402E1
2.708847740E2	-4.288350961E1
2.709951477E2	-4.246954699E1
2.711052947E2	-4.212083239E1
2.712166586E2	-4.292655925E1
2.713242801E2	-4.086447791E1
2.714365333E2	-4.082171096E1
2.715474793E2	-4.093799826E1
2.716569082E2	-3.960267413E1
2.717679830E2	-3.885178636E1
2.718785728E2	-3.971564511E1
2.719857966E2	-4.013093152E1
2.720948746E2	-3.912826643E1
2.722142926E2	-3.972906162E1
2.723255289E2	-4.091569665E1
2.724368544E2	-4.126713022E1
2.725475526E2	-4.180989462E1
2.726578353E2	-4.311547140E1
2.727681780E2	-4.275168184E1
2.728748572E2	-4.361705432E1
2.729850414E2	-4.271912590E1
2.730945770E2	-4.262221437E1
2.732166025E2	-4.391246774E1
2.733292442E2	-4.438071915E1
2.734349890E2	-4.478994680E1
2.735448863E2	-4.420596030E1
2.736682040E2	-4.458396644E1
2.737771886E2	-4.401368297E1
2.738847401E2	-4.383132507E1
2.739905034E2	-4.378849213E1
2.740972572E2	-4.369449711E1
2.742013894E2	-4.344403950E1
2.743129626E2	-4.318248269E1
2.744181568E2	-4.270730679E1
2.745240077E2	-4.257621470E1
2.746350154E2	-4.280253308E1
2.747447205E2	-4.312807927E1
2.748541513E2	-4.252173973E1
2.749754044E2	-4.220438038E1
2.750849449E2	-4.214997780E1
2.751950196E2	-4.167145528E1
2.753015792E2	-4.263451909E1
2.754135107E2	-4.228177106E1
2.755234542E2	-4.249874326E1
2.756317487E2	-4.189524080E1
2.757396240E2	-4.179709362E1
2.758433692E2	-4.280678841E1
2.759529654E2	-4.202447243E1
2.760756798E2	-4.268672463E1
2.761851345E2	-4.223813984E1
2.762945812E2	-4.223651211E1
2.764025397E2	-4.263548422E1
2.765146005E2	-4.206464846E1
2.766208626E2	-4.219030224E1
2.767312559E2	-4.253360051E1
2.768379502E2	-4.268074171E1
2.769452308E2	-4.325979429E1
2.770554204E2	-4.525302350E1
2.771647022E2	-4.387539528E1
2.772684856E2	-4.448111364E1
2.773752431E2	-4.517224305E1
2.774791733E2	-4.453609903E1
2.775887990E2	-4.547233623E1
2.777087485E2	-4.504220886E1
2.778184146E2	-4.525754022E1
2.779247826E2	-4.351032577E1
2.780351094E2	-4.153649713E1
2.781467088E2	-4.282608124E1
2.782518132E2	-5.088630169E1
2.783547491E2	-4.783808030E1
2.784656604E2	-4.585742163E1
2.785733330E2	-4.597630178E1
2.786850265E2	-4.608706170E1
2.787905040E2	-4.621136665E1
2.788981536E2	-4.788148265E1
2.790054508E2	-4.404755322E1
2.791155488E2	-4.345308745E1
2.792255415E2	-4.221983952E1
2.793352707E2	-4.244566323E1
2.794440124E2	-4.259153247E1
2.795517440E2	-4.169468916E1
2.796624401E2	-4.250187479E1
2.797685789E2	-4.332383366E1
2.798784093E2	-4.345564483E1
2.799862930E2	-4.243532013E1
2.800980777E2	-4.298689470E1
2.802056985E2	-4.733893075E1
2.803171922E2	-4.360316919E1
2.804248437E2	-4.355099678E1
2.805353879E2	-4.235822195E1
2.806470014E2	-4.535704817E1
2.807520820E2	-4.635626685E1
2.808639437E2	-4.785599467E1
2.809686000E2	-4.811754323E1
2.810753343E2	-4.913913170E1
2.811792970E2	-4.917647391E1
2.813063294E2	-4.768204454E1
2.814148049E2	-4.810987939E1
2.815256157E2	-4.905152026E1
2.816354242E2	-4.711047894E1
2.817494899E2	-4.642963406E1
2.818519165E2	-4.734748998E1
2.819631096E2	-4.635821304E1
2.820686242E2	-4.813169458E1
2.821856382E2	-4.709486820E1
2.822891460E2	-4.683228728E1
2.824009096E2	-4.529129700E1
2.825043940E2	-4.584954640E1
2.826157013E2	-4.539824651E1
2.827254145E2	-4.750899601E1
2.828369204E2	-4.855580540E1
2.829483260E2	-4.791667949E1
2.830520882E2	-4.817211685E1
2.831639213E2	-4.735679094E1
2.832713091E2	-4.560107898E1
2.833747838E2	-4.665678971E1
2.834874318E2	-4.428710762E1
2.835991851E2	-4.469741649E1
2.837055758E2	-4.346436467E1
2.838081409E2	-4.447478844E1
2.839173675E2	-4.561731397E1
2.840376613E2	-4.505245172E1
2.841459330E2	-4.395748117E1
2.842538375E2	-4.338950836E1
2.843628871E2	-4.255284483E1
2.844765655E2	-4.682230641E1
2.845854123E2	-4.541488254E1
2.846947796E2	-4.596336647E1
2.848058920E2	-4.480578995E1
2.849165133E2	-4.999458259E1
2.850259565E2	-4.498426127E1
2.851372596E2	-4.659136896E1
2.852466171E2	-5.038803712E1
2.853556599E2	-4.804400393E1
2.854661396E2	-4.801203343E1
2.855738113E2	-4.643348807E1
2.856855764E2	-5.017715060E1
2.857947863E2	-4.834087406E1
2.859021564E2	-4.934538884E1
2.860102854E2	-4.759599020E1
2.861143962E2	-4.957286433E1
2.862368620E2	-4.883758927E1
2.863448268E2	-4.796351736E1
2.864548180E2	-4.813768892E1
2.865660311E2	-4.637470032E1
2.866755882E2	-4.748255164E1
2.867876492E2	-4.838898350E1
2.868985328E2	-4.870093393E1
2.870027536E2	-4.887417045E1
2.871148574E2	-4.916476836E1
2.872266635E2	-4.842120782E1
2.873358602E2	-4.923527592E1
2.874433507E2	-4.652201145E1
2.875523896E2	-4.375743941E1
2.876642931E2	-4.313761651E1
2.877708095E2	-4.304668632E1
2.878749971E2	-4.168428500E1
2.879920044E2	-4.199184195E1
2.881024951E2	-4.203658335E1
2.882147583E2	-4.199274117E1
2.883215870E2	-4.148908737E1
2.884330620E2	-4.175822638E1
2.885410260E2	-4.287840450E1
2.886523170E2	-4.327569682E1
2.887639571E2	-4.354430222E1
2.888856811E2	-4.284025017E1
2.889990974E2	-4.323557057E1
2.891117655E2	-4.300543416E1
2.892191888E2	-4.244088037E1
2.893312317E2	-4.280935250E1
2.894410098E2	-4.191155551E1
2.895525428E2	-4.201097167E1
2.896548381E2	-4.255368802E1
2.897662100E2	-4.418472290E1
2.898762449E2	-4.423715031E1
2.899860731E2	-4.350986893E1
2.900972313E2	-4.443012724E1
2.902025660E2	-4.477573710E1
2.903148597E2	-4.393264304E1
2.904193005E2	-4.424928101E1
2.905252413E2	-4.326524792E1
2.906360227E2	-4.455901578E1
2.907484565E2	-4.361523559E1
2.908524887E2	-4.396794158E1
2.909642157E2	-4.393868732E1
2.910858295E2	-4.251163503E1
2.911947779E2	-4.255989465E1
2.913026460E2	-4.236321986E1
2.914048470E2	-4.215197682E1
2.915158233E2	-4.238574992E1
2.916195160E2	-4.108213032E1
2.917279325E2	-4.223965800E1
2.918309860E2	-4.214490880E1
2.919406442E2	-4.164296404E1
2.920498334E2	-4.404182692E1
2.921693123E2	-4.013267351E1
2.922764463E2	-4.219468977E1
2.923878557E2	-4.283982970E1
2.924994782E2	-4.527949691E1
2.926045425E2	-4.305378218E1
2.927082081E2	-4.106013438E1
2.928247557E2	-4.595274700E1
2.929288065E2	-4.589622327E1
2.930488148E2	-4.250630516E1
2.931528488E2	-4.292354047E1
2.932634245E2	-4.346997482E1
2.933752631E2	-4.531798698E1
2.934862271E2	-4.387714100E1
2.935947749E2	-4.354131012E1
2.937059907E2	-4.363142679E1
2.938244005E2	-4.387388533E1
2.939381073E2	-4.384995402E1
2.940489502E2	-4.249865365E1
2.941531015E2	-4.174106678E1
2.942623210E2	-4.185682334E1
2.943739628E2	-4.028441964E1
2.944848446E2	-3.983929970E1
2.945970918E2	-4.294462565E1
2.947028441E2	-4.310668962E1
2.948118131E2	-4.480431966E1
2.949195699E2	-4.335462674E1
2.950230990E2	-4.260756206E1
2.951344357E2	-4.275162467E1
2.952384912E2	-4.052691136E1
2.953501807E2	-4.332318303E1
2.954547832E2	-4.217313940E1
2.955578849E2	-4.356275408E1
2.956741729E2	-4.270580587E1
2.957852627E2	-4.470532129E1
2.958947758E2	-4.306062076E1
2.960030611E2	-4.332390079E1
2.961146441E2	-4.332341967E1
2.962202721E2	-4.433946306E1
2.963318317E2	-4.482700805E1
2.964362935E2	-4.492434977E1
2.965433607E2	-4.598123219E1
2.966530480E2	-4.603065093E1
2.967626540E2	-4.690690019E1
2.968695391E2	-4.585542033E1
2.969780147E2	-4.793013461E1
2.970884440E2	-4.886466913E1
2.971997822E2	-4.792754880E1
2.973041906E2	-4.818614834E1
2.974154787E2	-4.659788165E1
2.975272870E2	-4.772109620E1
2.976384486E2	-4.882898808E1
2.977462285E2	-4.928433913E1
2.978534069E2	-4.946245650E1
2.979656539E2	-4.529396767E1
2.980748847E2	-4.842750273E1
2.981865968E2	-4.358814573E1
2.982950745E2	-4.231013569E1
2.984066053E2	-4.368090169E1
2.985161419E2	-4.577694096E1
2.986272360E2	-4.355268830E1
2.987364811E2	-4.317402866E1
2.988490492E2	-4.259257566E1
2.989532593E2	-4.262808376E1
2.990616722E2	-4.233926631E1
2.991698469E2	-4.245145105E1
2.992772126E2	-4.204389859E1
2.993913028E2	-4.280502825E1
2.995031703E2	-4.360283653E1
2.996118168E2	-4.425436856E1
2.997200415E2	-4.442864925E1
2.998284393E2	-4.569879187E1
2.999402186E2	-4.478940482E1
3.000516730E2	-4.513342820E1
3.001633394E2	-4.474423205E1
3.002700564E2	-4.602612625E1
3.003740823E2	-4.438860281E1